image,xmin,ymin,xmax,ymax,label
n0239.png,776,579,868,673,Nodule
n0342.png,223,642,250,682,Nodule
n0996.png,687,310,846,421,Nodule
n0418.png,343,510,424,594,Nodule
n0538.png,599,645,661,714,Nodule
n1026.png,758,621,818,674,Nodule
n0986.png,171,512,209,548,Nodule
n0993.png,220,497,280,564,Nodule
n0204.png,213,483,293,567,Nodule
n0373.png,631,642,703,738,Nodule
n0373.png,203,489,251,548,Nodule
n0373.png,250,498,304,554,Nodule
n0497.png,338,415,384,463,Nodule
n0497.png,183,668,220,703,Nodule
n0128.png,196,691,250,737,Nodule
n1101.png,260,494,323,532,Nodule
n0783.png,245,391,343,495,Nodule
n0978.png,305,504,377,582,Nodule
n0919.png,741,481,782,525,Nodule
n0535.png,396,329,450,377,Nodule
n0704.png,851,679,880,709,Nodule
n0736.png,815,745,842,779,Nodule
n0690.png,129,799,178,844,Nodule
n0989.png,140,465,261,573,Nodule
n0990.png,635,300,689,349,Nodule
n0474.png,192,487,267,561,Nodule
n0474.png,184,685,260,763,Nodule
n0474.png,144,762,196,840,Nodule
n0034.png,812,670,874,732,Nodule
n0886.png,725,496,766,539,Nodule
n0436.png,833,375,878,429,Nodule
n0602.png,401,235,476,321,Nodule
n0352.png,237,717,301,777,Nodule
n0352.png,287,593,325,638,Nodule
n0352.png,326,642,382,699,Nodule
n0838.png,322,504,374,572,Nodule
n0838.png,375,309,442,381,Nodule
n0471.png,537,241,595,318,Nodule
n0604.png,250,351,336,465,Nodule
n0604.png,827,685,845,708,Nodule
n0766.png,757,660,845,743,Nodule
n0076.png,636,158,683,205,Nodule
n0099.png,165,776,201,804,Nodule
n0769.png,175,655,245,720,Nodule
n0726.png,320,480,413,600,Nodule
n0726.png,820,522,867,573,Nodule
n1095.png,634,233,677,270,Nodule
n1095.png,612,284,651,336,Nodule
n0992.png,244,578,273,610,Nodule
n0992.png,209,529,236,561,Nodule
n1094.png,313,434,373,490,Nodule
n0370.png,847,460,903,511,Nodule
n1012.png,136,365,188,437,Nodule
n0457.png,832,640,857,678,Nodule
n0980.png,186,281,227,317,Nodule
n0725.png,757,726,784,754,Nodule
n0631.png,179,667,234,703,Nodule
n0327.png,134,764,193,837,Nodule
n0282.png,718,540,785,607,Nodule
n0282.png,315,267,371,323,Nodule
n0282.png,811,593,878,658,Nodule
n0288.png,277,475,366,563,Nodule
n0288.png,297,665,358,737,Nodule
n1132.png,257,700,296,727,Nodule
n1132.png,166,662,237,722,Nodule
n1132.png,261,342,303,371,Nodule
n0379.png,762,356,802,405,Nodule
n0139.png,212,475,271,534,Nodule
n0901.png,710,541,774,608,Nodule
n0901.png,241,403,285,447,Nodule
n0901.png,122,662,159,714,Nodule
n0798.png,799,670,837,711,Nodule
n0200.png,716,381,795,480,Nodule
n0200.png,171,594,231,638,Nodule
n0200.png,126,734,188,798,Nodule
n0460.png,706,389,747,432,Nodule
n0309.png,351,294,413,353,Nodule
n0309.png,277,488,338,563,Nodule
n1080.png,268,488,288,513,Nodule
n0505.png,276,576,319,618,Nodule
n0637.png,302,541,337,579,Nodule
n0637.png,680,271,715,317,Nodule
n0637.png,755,370,798,423,Nodule
n0353.png,308,462,378,551,Nodule
n0353.png,362,407,420,467,Nodule
n0129.png,815,753,858,798,Nodule
n0129.png,285,391,317,428,Nodule
n0129.png,707,512,743,553,Nodule
n1010.png,178,738,212,774,Nodule
n0384.png,722,442,797,499,Nodule
n0493.png,732,466,781,512,Nodule
n0881.png,367,251,434,316,Nodule
n0873.png,383,747,429,797,Nodule
n0873.png,314,785,374,840,Nodule
n0123.png,264,587,347,676,Nodule
n0123.png,131,712,193,783,Nodule
n0550.png,607,541,704,633,Nodule
n0271.png,281,639,327,697,Nodule
n0969.png,332,460,396,541,Nodule
n0731.png,855,625,904,690,Nodule
n0447.png,593,333,623,376,Nodule
n0194.png,179,767,232,814,Nodule
n0241.png,815,645,848,682,Nodule
n0683.png,169,523,213,574,Nodule
n0199.png,851,745,882,784,Nodule
n0764.png,759,591,795,627,Nodule
n0629.png,875,594,907,626,Nodule
n0747.png,753,429,785,469,Nodule
n0933.png,220,251,360,365,Nodule
n0933.png,207,492,342,628,Nodule
n0743.png,890,779,922,811,Nodule
n0047.png,261,364,297,415,Nodule
n0176.png,233,509,292,569,Nodule
n0097.png,709,598,767,658,Nodule
n0267.png,762,321,785,354,Nodule
n0267.png,206,600,260,643,Nodule
n0267.png,798,554,836,593,Nodule
n0233.png,239,554,285,596,Nodule
n0514.png,234,363,305,421,Nodule
n0104.png,761,326,795,366,Nodule
n0999.png,268,633,297,651,Nodule
n0999.png,276,425,314,457,Nodule
n0944.png,852,581,879,615,Nodule
n0944.png,191,602,217,629,Nodule
n0302.png,812,729,848,771,Nodule
n0565.png,390,663,453,733,Nodule
n0627.png,783,716,813,742,Nodule
n0655.png,349,301,420,352,Nodule
n0655.png,374,346,442,424,Nodule
n0336.png,780,396,814,443,Nodule
n1030.png,682,319,751,406,Nodule
n0699.png,801,464,850,520,Nodule
n0951.png,180,592,231,643,Nodule
n0008.png,407,676,467,739,Nodule
n0412.png,275,297,329,345,Nodule
n0412.png,170,698,247,764,Nodule
n0013.png,141,720,175,765,Nodule
n1058.png,801,566,851,620,Nodule
n1058.png,272,562,317,608,Nodule
n0102.png,844,732,894,768,Nodule
n0486.png,746,577,841,667,Nodule
n0548.png,210,697,267,741,Nodule
n0548.png,868,757,911,803,Nodule
n0065.png,383,659,419,690,Nodule
n0065.png,237,672,278,716,Nodule
n0531.png,634,334,736,461,Nodule
n0531.png,756,581,832,670,Nodule
n0531.png,209,503,275,578,Nodule
n0056.png,853,647,880,676,Nodule
n0056.png,881,691,929,733,Nodule
n0417.png,188,673,259,743,Nodule
n1014.png,204,310,286,404,Nodule
n1014.png,183,482,213,543,Nodule
n1014.png,251,507,345,612,Nodule
n0195.png,164,556,216,610,Nodule
n0860.png,329,360,395,416,Nodule
n0563.png,833,616,852,634,Nodule
n0634.png,785,618,841,671,Nodule
n0914.png,663,278,735,364,Nodule
n0914.png,258,524,325,602,Nodule
n0914.png,717,206,824,344,Nodule
n0815.png,756,614,791,655,Nodule
n0481.png,843,531,887,571,Nodule
n1087.png,665,306,726,363,Nodule
n0023.png,234,345,272,400,Nodule
n0963.png,831,675,896,740,Nodule
n0297.png,751,676,840,767,Nodule
n0198.png,245,551,284,592,Nodule
n0580.png,252,376,301,410,Nodule
n0226.png,739,459,780,499,Nodule
n1123.png,88,791,120,826,Nodule
n0921.png,326,308,385,348,Nodule
n0921.png,306,492,368,527,Nodule
n0921.png,196,477,252,517,Nodule
n0861.png,280,593,301,610,Nodule
n0231.png,290,413,340,464,Nodule
n0825.png,689,518,725,562,Nodule
n0820.png,806,713,859,765,Nodule
n0443.png,763,524,871,627,Nodule
n0817.png,659,271,702,325,Nodule
n0817.png,708,553,751,611,Nodule
n0817.png,220,599,277,657,Nodule
n0902.png,284,602,374,680,Nodule
n0611.png,364,272,466,428,Nodule
n0611.png,181,491,231,539,Nodule
n0611.png,812,631,915,751,Nodule
n0831.png,679,236,747,303,Nodule
n0831.png,607,348,704,437,Nodule
n0060.png,413,154,455,208,Nodule
n0273.png,232,363,269,398,Nodule
n0159.png,294,464,395,585,Nodule
n0159.png,190,678,256,752,Nodule
n0159.png,350,706,407,760,Nodule
n0842.png,315,273,365,321,Nodule
n0358.png,351,873,421,943,Nodule
n0358.png,176,515,222,554,Nodule
n0836.png,138,568,174,596,Nodule
n0976.png,850,514,905,588,Nodule
n0976.png,362,448,413,504,Nodule
n0976.png,569,712,651,829,Nodule
n0462.png,169,627,204,661,Nodule
n0462.png,714,534,783,609,Nodule
n0746.png,675,371,733,431,Nodule
n0394.png,390,290,461,368,Nodule
n0962.png,166,546,191,580,Nodule
n0272.png,288,471,352,547,Nodule
n0272.png,693,602,758,663,Nodule
n0853.png,772,589,803,626,Nodule
n0156.png,321,671,399,763,Nodule
n0781.png,216,285,258,331,Nodule
n0357.png,745,537,787,593,Nodule
n0357.png,221,735,261,770,Nodule
n0446.png,793,753,844,815,Nodule
n0697.png,222,688,264,718,Nodule
n1000.png,718,751,793,794,Nodule
n0303.png,649,263,689,315,Nodule
n0303.png,678,384,778,500,Nodule
n0303.png,768,569,808,610,Nodule
n0334.png,769,444,801,480,Nodule
n0067.png,144,651,179,683,Nodule
n0050.png,224,536,329,615,Nodule
n0050.png,215,613,305,711,Nodule
n0953.png,731,421,779,467,Nodule
n0843.png,842,431,863,456,Nodule
n0581.png,657,687,701,739,Nodule
n0007.png,249,584,293,617,Nodule
n0430.png,834,685,865,719,Nodule
n0674.png,202,435,247,476,Nodule
n0341.png,603,467,650,506,Nodule
n0259.png,702,659,776,734,Nodule
n0849.png,280,466,339,532,Nodule
n0849.png,337,265,420,336,Nodule
n1120.png,283,650,320,696,Nodule
n1124.png,727,568,764,606,Nodule
n1124.png,786,743,830,796,Nodule
n1009.png,887,651,936,707,Nodule
n1009.png,222,545,266,588,Nodule
n0138.png,126,548,198,615,Nodule
n0138.png,189,634,253,686,Nodule
n0138.png,806,521,833,545,Nodule
n0250.png,152,755,240,834,Nodule
n0222.png,757,364,808,413,Nodule
n0686.png,809,803,841,843,Nodule
n0429.png,754,543,827,599,Nodule
n0954.png,235,310,272,333,Nodule
n0906.png,362,643,413,700,Nodule
n0427.png,234,515,335,629,Nodule
n0427.png,729,378,817,468,Nodule
n0427.png,676,293,735,359,Nodule
n1029.png,370,609,383,621,Nodule
n0140.png,265,477,292,504,Nodule
n0689.png,296,291,328,334,Nodule
n0889.png,257,207,303,251,Nodule
n0415.png,790,251,814,279,Nodule
n0415.png,734,326,832,398,Nodule
n0415.png,228,382,293,428,Nodule
n0257.png,776,741,837,807,Nodule
n0284.png,263,417,304,466,Nodule
n0961.png,252,375,305,426,Nodule
n0961.png,246,470,337,580,Nodule
n0961.png,690,386,737,447,Nodule
n0696.png,190,677,240,738,Nodule
n0696.png,244,534,275,560,Nodule
n0696.png,282,466,320,518,Nodule
n0350.png,305,477,352,519,Nodule
n0526.png,255,663,312,707,Nodule
n0031.png,765,638,808,685,Nodule
n0150.png,92,623,195,776,Nodule
n0151.png,772,531,868,633,Nodule
n0151.png,290,467,342,519,Nodule
n1069.png,696,642,728,672,Nodule
n0661.png,580,517,638,575,Nodule
n0661.png,264,489,304,531,Nodule
n0332.png,270,334,324,410,Nodule
n1024.png,807,637,836,668,Nodule
n0857.png,332,269,350,290,Nodule
n0396.png,786,485,813,517,Nodule
n0772.png,860,716,880,738,Nodule
n0516.png,320,427,413,510,Nodule
n0512.png,390,139,487,225,Nodule
n0518.png,280,212,330,261,Nodule
n0112.png,761,709,825,776,Nodule
n0529.png,214,644,257,692,Nodule
n0220.png,756,315,788,346,Nodule
n0220.png,598,469,694,561,Nodule
n0382.png,697,463,720,491,Nodule
n1119.png,224,783,248,809,Nodule
n1119.png,812,631,878,717,Nodule
n0952.png,286,278,335,317,Nodule
n0141.png,361,317,450,388,Nodule
n1089.png,334,514,420,611,Nodule
n0899.png,62,629,117,709,Nodule
n0899.png,109,391,163,510,Nodule
n0545.png,607,605,670,708,Nodule
n0438.png,187,386,228,430,Nodule
n0044.png,639,390,708,464,Nodule
n0044.png,716,430,758,476,Nodule
n0916.png,764,345,805,381,Nodule
n0916.png,794,395,838,435,Nodule
n0916.png,716,454,763,496,Nodule
n0087.png,289,230,335,284,Nodule
n0087.png,161,661,202,708,Nodule
n0087.png,627,583,663,630,Nodule
n0164.png,284,342,390,450,Nodule
n0164.png,382,341,457,420,Nodule
n0806.png,688,414,707,439,Nodule
n0806.png,684,640,742,691,Nodule
n0828.png,190,372,234,407,Nodule
n0289.png,314,278,379,359,Nodule
n0289.png,307,617,417,776,Nodule
n0289.png,864,448,907,494,Nodule
n0243.png,792,414,823,453,Nodule
n0681.png,620,759,717,854,Nodule
n0448.png,311,543,388,608,Nodule
n0620.png,713,445,752,485,Nodule
n0075.png,643,475,700,543,Nodule
n0775.png,199,736,272,804,Nodule
n0775.png,238,525,296,585,Nodule
n0641.png,600,617,722,747,Nodule
n0641.png,169,688,245,761,Nodule
n0641.png,160,627,206,666,Nodule
n0675.png,757,307,786,346,Nodule
n0675.png,615,728,686,815,Nodule
n0675.png,258,310,302,351,Nodule
n0648.png,734,576,783,624,Nodule
n0648.png,271,653,314,708,Nodule
n0192.png,672,550,738,611,Nodule
n0192.png,147,672,228,743,Nodule
n0376.png,328,637,394,697,Nodule
n1130.png,634,297,695,361,Nodule
n1130.png,781,564,822,608,Nodule
n1130.png,213,634,246,671,Nodule
n0467.png,742,406,766,444,Nodule
n0467.png,659,657,682,683,Nodule
n0711.png,187,151,284,282,Nodule
n0340.png,179,658,223,685,Nodule
n0340.png,269,514,301,548,Nodule
n0390.png,117,739,157,779,Nodule
n1054.png,198,531,284,608,Nodule
n0051.png,755,333,806,382,Nodule
n0051.png,819,487,843,516,Nodule
n0051.png,151,349,177,368,Nodule
n0073.png,695,208,716,229,Nodule
n0073.png,371,249,413,302,Nodule
n1077.png,272,643,324,691,Nodule
n1028.png,234,668,268,707,Nodule
n0884.png,653,421,704,463,Nodule
n0757.png,411,516,458,592,Nodule
n0757.png,289,463,377,548,Nodule
n0757.png,219,402,288,482,Nodule
n0205.png,247,545,294,589,Nodule
n0718.png,112,676,161,728,Nodule
n1023.png,137,330,172,362,Nodule
n0874.png,252,654,279,675,Nodule
n0052.png,340,324,439,416,Nodule
n0380.png,142,545,170,578,Nodule
n0827.png,125,751,185,802,Nodule
n0907.png,301,563,356,622,Nodule
n0907.png,226,591,265,642,Nodule
n0770.png,283,482,337,545,Nodule
n0770.png,207,482,254,531,Nodule
n0816.png,675,364,744,407,Nodule
n0155.png,857,347,889,378,Nodule
n0155.png,360,666,450,721,Nodule
n0155.png,336,709,389,764,Nodule
n0645.png,812,719,847,750,Nodule
n1052.png,367,655,445,726,Nodule
n0767.png,720,535,777,582,Nodule
n0720.png,211,518,271,571,Nodule
n0959.png,319,748,352,777,Nodule
n0527.png,281,676,331,744,Nodule
n0299.png,113,448,163,518,Nodule
n0972.png,769,686,849,770,Nodule
n0752.png,793,532,829,562,Nodule
n0752.png,606,586,645,631,Nodule
n0283.png,311,627,359,679,Nodule
n0887.png,199,392,307,502,Nodule
n0887.png,163,756,206,791,Nodule
n0482.png,410,654,455,708,Nodule
n0695.png,210,576,276,641,Nodule
n0695.png,216,524,278,574,Nodule
n0695.png,828,643,884,708,Nodule
n0328.png,290,429,334,472,Nodule
n0494.png,249,485,334,588,Nodule
n0399.png,232,478,281,525,Nodule
n0399.png,160,542,196,578,Nodule
n0399.png,132,744,194,798,Nodule
n0716.png,158,749,210,799,Nodule
n0834.png,738,616,800,677,Nodule
n0834.png,287,458,346,510,Nodule
n0025.png,742,443,802,508,Nodule
n0937.png,310,385,359,435,Nodule
n0517.png,724,396,794,458,Nodule
n0027.png,797,508,859,565,Nodule
n0027.png,717,639,791,707,Nodule
n0027.png,153,646,220,703,Nodule
n1107.png,385,638,463,724,Nodule
n1107.png,671,708,722,771,Nodule
n1107.png,613,785,657,842,Nodule
n0533.png,223,528,271,579,Nodule
n0840.png,805,477,859,557,Nodule
n0285.png,175,637,223,688,Nodule
n0285.png,156,713,192,751,Nodule
n0285.png,818,585,862,628,Nodule
n0964.png,172,494,251,597,Nodule
n0964.png,639,242,727,351,Nodule
n0964.png,614,157,679,214,Nodule
n0894.png,798,576,834,609,Nodule
n0894.png,273,530,312,557,Nodule
n0832.png,742,488,801,536,Nodule
n0832.png,328,657,397,716,Nodule
n0832.png,746,414,778,447,Nodule
n1061.png,820,430,855,471,Nodule
n0714.png,202,521,236,561,Nodule
n0188.png,240,702,291,752,Nodule
n0858.png,826,622,876,685,Nodule
n0295.png,307,635,363,690,Nodule
n0295.png,695,758,739,809,Nodule
n0295.png,790,770,819,795,Nodule
n0017.png,169,585,196,607,Nodule
n0897.png,351,610,395,655,Nodule
n0801.png,214,643,316,751,Nodule
n0133.png,721,478,773,543,Nodule
n0624.png,196,648,242,700,Nodule
n0749.png,764,438,816,520,Nodule
n0749.png,811,593,875,663,Nodule
n0279.png,672,312,721,364,Nodule
n0367.png,134,592,183,652,Nodule
n0687.png,175,443,234,511,Nodule
n0687.png,158,526,196,567,Nodule
n0687.png,749,694,824,769,Nodule
n0191.png,568,217,628,281,Nodule
n0386.png,762,735,809,771,Nodule
n0386.png,725,771,754,808,Nodule
n0468.png,800,654,848,710,Nodule
n0223.png,270,527,335,586,Nodule
n0900.png,760,360,823,416,Nodule
n0147.png,202,723,253,774,Nodule
n0656.png,803,647,843,693,Nodule
n0656.png,830,724,869,764,Nodule
n0940.png,794,433,839,478,Nodule
n0956.png,829,556,896,634,Nodule
n0956.png,318,355,365,400,Nodule
n0956.png,325,556,368,600,Nodule
n0454.png,757,321,800,362,Nodule
n0988.png,652,648,721,730,Nodule
n0946.png,768,353,820,404,Nodule
n0946.png,820,563,879,636,Nodule
n0500.png,228,490,290,541,Nodule
n0500.png,275,619,344,684,Nodule
n0500.png,350,631,411,692,Nodule
n0903.png,769,450,833,531,Nodule
n0012.png,245,631,292,680,Nodule
n0355.png,653,401,740,482,Nodule
n0355.png,789,688,831,733,Nodule
n0660.png,818,569,880,625,Nodule
n0171.png,768,351,819,408,Nodule
n0473.png,757,295,811,343,Nodule
n0784.png,270,310,299,335,Nodule
n0666.png,274,248,319,313,Nodule
n0378.png,729,585,782,661,Nodule
n0032.png,538,308,637,398,Nodule
n0032.png,705,599,793,678,Nodule
n0032.png,543,632,662,731,Nodule
n0270.png,223,402,283,451,Nodule
n0403.png,155,230,192,267,Nodule
n0247.png,841,745,873,773,Nodule
n1126.png,558,631,621,701,Nodule
n0577.png,158,747,195,780,Nodule
n1011.png,821,558,908,669,Nodule
n1011.png,852,741,922,812,Nodule
n1031.png,333,562,413,638,Nodule
n0753.png,717,770,790,879,Nodule
n0608.png,193,490,240,526,Nodule
n1114.png,692,490,778,580,Nodule
n1114.png,216,362,274,409,Nodule
n1040.png,242,822,280,865,Nodule
n0215.png,252,462,306,520,Nodule
n0215.png,738,286,812,384,Nodule
n0761.png,161,618,208,661,Nodule
n0230.png,245,255,346,339,Nodule
n0230.png,200,422,247,466,Nodule
n0230.png,34,735,74,766,Nodule
n0606.png,211,686,251,725,Nodule
n0229.png,241,631,284,671,Nodule
n0779.png,305,288,376,357,Nodule
n1096.png,755,387,797,427,Nodule
n0180.png,800,663,856,732,Nodule
n0180.png,794,447,850,494,Nodule
n0180.png,785,499,815,529,Nodule
n0760.png,749,313,788,364,Nodule
n0317.png,595,676,662,740,Nodule
n0570.png,764,544,825,611,Nodule
n0570.png,372,385,438,436,Nodule
n0570.png,832,704,925,785,Nodule
n0072.png,677,573,831,732,Nodule
n1098.png,703,430,776,511,Nodule
n1098.png,648,560,722,637,Nodule
n1098.png,202,566,354,687,Nodule
n0202.png,350,372,404,451,Nodule
n0202.png,697,580,745,633,Nodule
n0202.png,197,712,266,763,Nodule
n0930.png,265,465,318,511,Nodule
n0930.png,716,667,802,744,Nodule
n0930.png,234,562,288,605,Nodule
n0022.png,176,664,210,699,Nodule
n0973.png,177,693,234,751,Nodule
n0626.png,838,669,864,697,Nodule
n0492.png,177,780,210,811,Nodule
n0617.png,863,681,907,729,Nodule
n0360.png,870,677,907,714,Nodule
n1008.png,185,645,257,700,Nodule
n0814.png,235,332,344,411,Nodule
n0814.png,259,446,296,481,Nodule
n1036.png,722,357,764,403,Nodule
n1036.png,184,582,225,625,Nodule
n0461.png,777,609,821,666,Nodule
n0461.png,379,281,438,331,Nodule
n0274.png,214,678,300,737,Nodule
n1078.png,195,455,248,513,Nodule
n1078.png,285,246,345,294,Nodule
n0722.png,737,463,796,524,Nodule
n0950.png,738,686,812,754,Nodule
n0950.png,845,496,889,539,Nodule
n0115.png,298,321,325,352,Nodule
n0058.png,723,383,825,485,Nodule
n0058.png,819,507,868,559,Nodule
n0058.png,794,657,865,717,Nodule
n0363.png,675,306,716,354,Nodule
n0912.png,231,670,262,708,Nodule
n0912.png,170,595,196,623,Nodule
n1038.png,810,764,912,854,Nodule
n0197.png,723,248,831,326,Nodule
n0871.png,279,316,353,405,Nodule
n0979.png,783,578,825,629,Nodule
n1062.png,178,571,229,611,Nodule
n0632.png,225,520,288,583,Nodule
n0294.png,804,506,865,561,Nodule
n0896.png,602,609,679,684,Nodule
n1021.png,240,493,265,518,Nodule
n0437.png,214,720,261,763,Nodule
n0113.png,840,781,890,836,Nodule
n0727.png,208,670,291,744,Nodule
n0707.png,191,686,219,718,Nodule
n0750.png,262,511,330,561,Nodule
n0750.png,209,635,319,735,Nodule
n0750.png,698,453,766,522,Nodule
n0589.png,283,358,328,395,Nodule
n0589.png,206,415,248,440,Nodule
n0589.png,241,510,283,546,Nodule
n0530.png,304,505,352,551,Nodule
n0530.png,280,603,360,682,Nodule
n0208.png,302,382,346,437,Nodule
n0208.png,208,690,294,777,Nodule
n0208.png,576,679,624,743,Nodule
n0797.png,308,673,399,751,Nodule
n1003.png,234,439,293,495,Nodule
n1003.png,221,258,242,279,Nodule
n1003.png,916,786,956,825,Nodule
n0186.png,346,480,405,534,Nodule
n0865.png,273,294,350,369,Nodule
n0277.png,735,422,839,489,Nodule
n0277.png,695,461,737,507,Nodule
n0277.png,777,479,838,544,Nodule
n0254.png,615,712,640,739,Nodule
n1032.png,200,572,240,618,Nodule
n0721.png,172,720,233,793,Nodule
n1002.png,736,481,786,546,Nodule
n0808.png,788,650,824,684,Nodule
n0647.png,730,347,777,393,Nodule
n0647.png,733,574,779,625,Nodule
n0103.png,347,300,397,357,Nodule
n0054.png,267,479,313,513,Nodule
n0253.png,731,471,783,527,Nodule
n0253.png,182,641,231,701,Nodule
n0344.png,322,410,405,469,Nodule
n0459.png,232,585,282,636,Nodule
n0459.png,378,668,435,723,Nodule
n0710.png,172,549,199,586,Nodule
n0419.png,604,591,652,637,Nodule
n0740.png,799,506,828,542,Nodule
n0030.png,327,673,392,755,Nodule
n0351.png,806,674,836,707,Nodule
n0083.png,230,540,281,601,Nodule
n0854.png,439,367,476,416,Nodule
n0026.png,846,654,892,707,Nodule
n0026.png,778,696,837,759,Nodule
n0026.png,372,453,433,518,Nodule
n0458.png,199,705,319,812,Nodule
n0495.png,330,704,390,761,Nodule
n0495.png,674,552,755,627,Nodule
n0495.png,159,612,199,661,Nodule
n1017.png,236,592,328,685,Nodule
n0549.png,265,583,373,699,Nodule
n0712.png,248,480,290,523,Nodule
n1093.png,722,425,748,454,Nodule
n1093.png,755,571,791,600,Nodule
n0395.png,686,542,728,593,Nodule
n0395.png,318,631,384,689,Nodule
n0691.png,806,660,851,701,Nodule
n0169.png,697,468,750,519,Nodule
n0169.png,579,740,657,804,Nodule
n0169.png,721,626,834,749,Nodule
n0556.png,406,466,450,511,Nodule
n0799.png,831,530,883,593,Nodule
n0926.png,625,550,707,628,Nodule
n0926.png,744,547,805,604,Nodule
n0926.png,717,424,775,480,Nodule
n0018.png,772,317,814,361,Nodule
n0477.png,717,483,774,544,Nodule
n0106.png,735,344,791,401,Nodule
n0844.png,266,403,312,469,Nodule
n0844.png,623,665,677,729,Nodule
n0844.png,207,638,245,680,Nodule
n0093.png,189,489,265,560,Nodule
n0995.png,666,445,672,467,Nodule
n1035.png,279,425,311,458,Nodule
n0388.png,831,663,865,709,Nodule
n0676.png,333,711,363,753,Nodule
n0442.png,789,688,845,747,Nodule
n0715.png,213,691,277,767,Nodule
n1025.png,737,525,778,569,Nodule
n1025.png,757,579,788,606,Nodule
n1041.png,685,379,778,486,Nodule
n1088.png,188,646,231,676,Nodule
n0383.png,775,433,821,472,Nodule
n0383.png,816,457,913,566,Nodule
n0776.png,203,352,252,410,Nodule
n0776.png,155,461,222,548,Nodule
n0862.png,753,501,829,596,Nodule
n0862.png,825,669,860,714,Nodule
n1018.png,293,591,329,637,Nodule
n0680.png,197,559,225,582,Nodule
n0152.png,197,387,280,494,Nodule
n0152.png,766,579,860,682,Nodule
n0700.png,744,237,806,301,Nodule
n0409.png,742,609,817,681,Nodule
n0409.png,861,753,908,790,Nodule
n0754.png,397,368,418,388,Nodule
n0809.png,697,721,783,818,Nodule
n0997.png,281,224,326,268,Nodule
n0266.png,798,639,834,677,Nodule
n0991.png,790,610,824,652,Nodule
n0991.png,711,361,742,401,Nodule
n0991.png,701,200,735,254,Nodule
n1067.png,671,148,711,196,Nodule
n0762.png,782,685,835,733,Nodule
n0105.png,197,671,220,694,Nodule
n0292.png,237,635,273,681,Nodule
n0292.png,187,459,217,483,Nodule
n0234.png,815,657,861,704,Nodule
n0790.png,302,672,376,773,Nodule
n0790.png,352,306,444,399,Nodule
n0595.png,720,376,842,476,Nodule
n0595.png,797,648,851,700,Nodule
n0553.png,763,455,812,499,Nodule
n0059.png,284,214,335,271,Nodule
n0392.png,300,409,339,456,Nodule
n0523.png,166,692,220,743,Nodule
n0523.png,752,508,860,584,Nodule
n0523.png,737,723,786,784,Nodule
n0472.png,802,714,847,768,Nodule
n0456.png,535,664,644,767,Nodule
n0111.png,245,314,371,437,Nodule
n0343.png,653,237,709,297,Nodule
n0130.png,214,427,266,477,Nodule
n0109.png,205,434,274,524,Nodule
n0109.png,263,604,339,692,Nodule
n0734.png,194,593,241,645,Nodule
n0734.png,572,791,626,861,Nodule
n0734.png,723,373,758,407,Nodule
n0048.png,403,324,414,336,Nodule
n0485.png,752,630,791,672,Nodule
n0744.png,839,717,864,744,Nodule
n0600.png,711,647,768,709,Nodule
n0480.png,221,337,250,372,Nodule
n0585.png,794,739,852,796,Nodule
n0585.png,753,738,792,783,Nodule
n0618.png,162,655,206,724,Nodule
n1039.png,744,568,828,657,Nodule
n0650.png,801,464,859,518,Nodule
n0650.png,717,455,776,508,Nodule
n0650.png,322,462,398,537,Nodule
n0329.png,806,632,827,664,Nodule
n1057.png,608,442,640,491,Nodule
n0346.png,905,740,929,773,Nodule
n0346.png,176,758,213,789,Nodule
n0346.png,193,805,233,842,Nodule
n0742.png,193,411,223,445,Nodule
n0708.png,302,487,369,549,Nodule
n0135.png,312,591,373,662,Nodule
n0866.png,604,633,681,690,Nodule
n0888.png,212,521,242,549,Nodule
n0888.png,228,751,249,776,Nodule
n0888.png,747,331,761,345,Nodule
n0547.png,309,438,373,511,Nodule
n0562.png,766,658,818,704,Nodule
n0562.png,324,472,417,549,Nodule
n0144.png,674,479,758,563,Nodule
n0132.png,184,476,240,532,Nodule
n0108.png,249,692,333,776,Nodule
n0702.png,221,614,280,685,Nodule
n0702.png,843,666,871,701,Nodule
n0702.png,155,573,202,637,Nodule
n0605.png,203,568,238,609,Nodule
n0613.png,312,415,400,504,Nodule
n0613.png,558,481,629,562,Nodule
n0613.png,816,651,854,690,Nodule
n0210.png,770,447,818,495,Nodule
n0975.png,841,799,867,825,Nodule
n0475.png,163,701,248,776,Nodule
n0322.png,230,405,275,457,Nodule
n0568.png,149,675,230,768,Nodule
n0209.png,751,552,787,593,Nodule
n0466.png,405,571,460,638,Nodule
n0387.png,818,601,855,641,Nodule
n0387.png,789,321,826,361,Nodule
n0928.png,348,542,417,615,Nodule
n1020.png,629,728,683,796,Nodule
n0498.png,345,235,384,272,Nodule
n0498.png,207,313,304,403,Nodule
n0498.png,201,419,258,500,Nodule
n1083.png,808,558,849,609,Nodule
n0794.png,645,403,726,474,Nodule
n0811.png,340,632,423,743,Nodule
n0246.png,187,611,242,655,Nodule
n0010.png,693,211,719,238,Nodule
n1056.png,724,528,783,584,Nodule
n0090.png,759,452,789,484,Nodule
n0165.png,312,309,386,374,Nodule
n1086.png,648,498,768,613,Nodule
n1086.png,102,676,248,851,Nodule
n0909.png,279,378,328,424,Nodule
n0909.png,821,552,865,598,Nodule
n0909.png,806,617,848,661,Nodule
n0361.png,357,249,429,337,Nodule
n0958.png,722,319,776,374,Nodule
n0958.png,258,480,338,558,Nodule
n0958.png,659,423,735,502,Nodule
n0404.png,719,442,774,503,Nodule
n0290.png,743,702,780,743,Nodule
n0521.png,835,733,836,759,Nodule
n0521.png,665,258,710,289,Nodule
n0066.png,319,611,369,661,Nodule
n0506.png,774,356,824,411,Nodule
n0506.png,785,441,850,513,Nodule
n0506.png,732,584,786,632,Nodule
n0423.png,645,459,769,573,Nodule
n0423.png,169,437,208,474,Nodule
n1105.png,375,604,425,655,Nodule
n1105.png,720,316,771,361,Nodule
n0035.png,299,425,358,472,Nodule
n0813.png,660,416,711,465,Nodule
n0667.png,629,333,682,389,Nodule
n0850.png,159,541,200,593,Nodule
n1117.png,367,467,418,529,Nodule
n0571.png,748,763,796,832,Nodule
n0369.png,864,631,909,684,Nodule
n0369.png,755,541,818,596,Nodule
n0219.png,238,473,294,520,Nodule
n0149.png,783,505,816,546,Nodule
n0149.png,600,790,669,868,Nodule
n0149.png,688,810,745,875,Nodule
n0983.png,629,290,678,328,Nodule
n0837.png,831,521,875,562,Nodule
n0837.png,821,704,859,751,Nodule
n0852.png,714,294,750,321,Nodule
n0640.png,172,394,207,427,Nodule
n0281.png,662,728,704,775,Nodule
n0281.png,271,514,313,555,Nodule
n0232.png,726,353,767,391,Nodule
n0232.png,153,731,207,793,Nodule
n0918.png,744,653,815,734,Nodule
n0001.png,709,408,817,501,Nodule
n0522.png,615,587,693,673,Nodule
n0607.png,625,311,686,372,Nodule
n0607.png,325,684,384,734,Nodule
n0706.png,792,300,816,336,Nodule
n0706.png,847,326,890,366,Nodule
n0316.png,812,708,858,750,Nodule
n0142.png,726,379,760,421,Nodule
n0142.png,274,238,336,295,Nodule
n0573.png,757,693,801,741,Nodule
n0074.png,247,480,281,516,Nodule
n0074.png,218,627,315,691,Nodule
n0984.png,251,658,294,711,Nodule
n1085.png,797,588,855,653,Nodule
n1001.png,178,606,219,647,Nodule
n1001.png,200,707,238,767,Nodule
n1001.png,234,742,282,804,Nodule
n1081.png,642,618,710,688,Nodule
n0967.png,335,413,423,510,Nodule
n0045.png,678,602,746,667,Nodule
n0045.png,705,677,751,715,Nodule
n0045.png,710,726,754,778,Nodule
n0739.png,806,657,851,709,Nodule
n0890.png,213,557,318,665,Nodule
n0890.png,804,684,851,734,Nodule
n0362.png,258,591,315,673,Nodule
n0488.png,761,615,837,673,Nodule
n0856.png,210,566,310,631,Nodule
n1084.png,656,642,740,733,Nodule
n1084.png,260,425,298,460,Nodule
n1084.png,279,554,326,606,Nodule
n0040.png,271,607,360,707,Nodule
n0107.png,186,416,222,442,Nodule
n0324.png,188,455,267,541,Nodule
n0242.png,290,451,378,511,Nodule
n0242.png,165,481,271,599,Nodule
n0086.png,778,450,806,489,Nodule
n0348.png,237,617,293,672,Nodule
n0348.png,149,762,197,811,Nodule
n0348.png,279,817,333,872,Nodule
n0578.png,786,432,862,487,Nodule
n0578.png,766,615,873,713,Nodule
n0315.png,771,592,828,640,Nodule
n0262.png,212,324,261,383,Nodule
n0262.png,246,398,333,474,Nodule
n0262.png,152,503,199,550,Nodule
n1116.png,241,538,279,573,Nodule
n0039.png,729,452,798,534,Nodule
n0039.png,718,234,764,274,Nodule
n0424.png,826,589,863,632,Nodule
n0424.png,862,610,898,654,Nodule
n0759.png,224,425,255,456,Nodule
n0771.png,261,348,285,367,Nodule
n1055.png,348,342,449,451,Nodule
n1055.png,266,643,342,728,Nodule
n1055.png,616,715,666,774,Nodule
n0110.png,742,419,785,469,Nodule
n1074.png,640,445,696,510,Nodule
n0544.png,240,646,282,690,Nodule
n0845.png,640,310,693,352,Nodule
n0845.png,266,393,280,406,Nodule
n0927.png,205,724,306,843,Nodule
n0927.png,253,474,338,548,Nodule
n0927.png,260,605,405,736,Nodule
n0389.png,747,432,834,514,Nodule
n0464.png,665,595,730,659,Nodule
n0190.png,702,493,751,552,Nodule
n0190.png,784,669,838,727,Nodule
n0190.png,207,586,258,635,Nodule
n0546.png,286,646,331,696,Nodule
n0546.png,198,684,251,731,Nodule
n0546.png,169,474,199,505,Nodule
n0652.png,786,327,854,411,Nodule
n0652.png,328,204,410,281,Nodule
n0652.png,142,422,219,473,Nodule
n0009.png,273,395,328,462,Nodule
n0009.png,800,602,842,655,Nodule
n1118.png,355,382,392,433,Nodule
n1118.png,200,632,245,679,Nodule
n0237.png,736,371,772,401,Nodule
n0957.png,585,760,661,840,Nodule
n0957.png,238,630,308,707,Nodule
n0016.png,339,354,381,403,Nodule
n0875.png,729,302,796,376,Nodule
n0879.png,145,833,221,926,Nodule
n0879.png,159,766,216,807,Nodule
n0879.png,862,711,923,790,Nodule
n0833.png,277,253,308,296,Nodule
n0157.png,689,554,751,627,Nodule
n0157.png,775,686,847,763,Nodule
n0157.png,781,410,822,441,Nodule
n0312.png,432,292,469,328,Nodule
n1027.png,719,403,753,442,Nodule
n1027.png,819,435,849,468,Nodule
n0286.png,220,467,255,501,Nodule
n0665.png,660,126,688,164,Nodule
n0434.png,659,324,770,423,Nodule
n1007.png,739,398,810,466,Nodule
n0935.png,288,376,344,430,Nodule
n0935.png,238,583,274,626,Nodule
n0175.png,235,417,287,483,Nodule
n0337.png,252,532,312,597,Nodule
n0682.png,225,476,273,526,Nodule
n0682.png,769,473,809,514,Nodule
n0682.png,598,614,682,690,Nodule
n0698.png,234,653,281,694,Nodule
n0864.png,692,307,750,348,Nodule
n1071.png,702,692,770,783,Nodule
n0528.png,312,371,349,421,Nodule
n0263.png,857,614,886,638,Nodule
n0905.png,701,443,761,512,Nodule
n0788.png,771,795,809,834,Nodule
n0385.png,736,395,785,445,Nodule
n0385.png,730,552,770,605,Nodule
n0872.png,343,359,394,392,Nodule
n0520.png,781,540,874,614,Nodule
n0654.png,303,519,405,594,Nodule
n0654.png,137,639,201,700,Nodule
n0306.png,830,815,902,885,Nodule
n0917.png,795,389,856,470,Nodule
n0917.png,777,631,832,700,Nodule
n0158.png,292,560,328,596,Nodule
n0748.png,80,663,167,753,Nodule
n0515.png,285,600,377,695,Nodule
n0898.png,336,473,375,516,Nodule
n0898.png,199,539,302,668,Nodule
n0898.png,698,508,822,578,Nodule
n1121.png,806,709,833,742,Nodule
n1121.png,155,784,185,813,Nodule
n0003.png,737,698,791,736,Nodule
n0943.png,681,372,719,418,Nodule
n0943.png,742,546,781,585,Nodule
n0098.png,795,250,828,293,Nodule
n0410.png,219,615,265,652,Nodule
n0499.png,141,519,195,569,Nodule
n0777.png,232,537,298,603,Nodule
n0240.png,205,549,285,630,Nodule
n0398.png,708,258,762,318,Nodule
n0319.png,184,379,227,431,Nodule
n0807.png,788,716,822,750,Nodule
n0211.png,302,151,366,211,Nodule
n0870.png,294,267,331,307,Nodule
n0465.png,155,584,198,630,Nodule
n1111.png,224,522,273,570,Nodule
n1048.png,788,690,846,759,Nodule
n0908.png,186,545,282,616,Nodule
n0908.png,99,705,194,802,Nodule
n0908.png,695,561,803,686,Nodule
n0356.png,318,713,369,779,Nodule
n0305.png,176,553,233,626,Nodule
n0011.png,271,381,305,418,Nodule
n0536.png,166,569,244,652,Nodule
n0787.png,649,694,743,793,Nodule
n0082.png,257,185,295,233,Nodule
n1019.png,252,186,292,236,Nodule
n0043.png,850,610,899,656,Nodule
n0143.png,173,426,270,525,Nodule
n0859.png,60,737,101,786,Nodule
n0863.png,151,674,192,704,Nodule
n0876.png,314,195,408,292,Nodule
n1076.png,274,462,311,497,Nodule
n1076.png,850,756,879,803,Nodule
n0501.png,833,685,955,806,Nodule
n0116.png,153,726,199,775,Nodule
n0609.png,116,556,163,630,Nodule
n0609.png,104,648,142,702,Nodule
n0713.png,181,642,236,681,Nodule
n0036.png,680,223,802,349,Nodule
n0081.png,814,578,873,630,Nodule
n0028.png,807,514,842,559,Nodule
n0451.png,56,762,103,820,Nodule
n0540.png,731,252,808,315,Nodule
n0924.png,752,576,783,616,Nodule
n0804.png,765,339,831,396,Nodule
n0987.png,845,495,898,545,Nodule
n0576.png,170,422,250,515,Nodule
n0576.png,201,604,309,693,Nodule
n0839.png,774,620,837,686,Nodule
n0339.png,886,686,969,776,Nodule
n0623.png,240,339,322,426,Nodule
n0623.png,268,591,359,692,Nodule
n0688.png,186,680,228,726,Nodule
n0688.png,218,329,264,386,Nodule
n0166.png,363,228,479,382,Nodule
n0982.png,789,589,818,626,Nodule
n0055.png,98,448,130,495,Nodule
n0564.png,176,741,235,820,Nodule
n0228.png,824,587,898,662,Nodule
n0391.png,226,342,265,381,Nodule
n0802.png,186,352,231,399,Nodule
n0789.png,191,266,231,317,Nodule
n0830.png,370,612,459,695,Nodule
n0406.png,183,253,235,309,Nodule
n0119.png,214,548,261,603,Nodule
n0119.png,187,418,233,463,Nodule
n0264.png,702,497,748,547,Nodule
n1082.png,714,389,849,517,Nodule
n1082.png,657,287,723,352,Nodule
n0014.png,131,535,187,593,Nodule
n0161.png,165,399,193,434,Nodule
n0217.png,248,378,335,453,Nodule
n0004.png,641,390,692,447,Nodule
n0818.png,303,240,335,275,Nodule
n0224.png,136,680,185,726,Nodule
n1090.png,728,360,814,455,Nodule
n0414.png,249,151,385,285,Nodule
n0765.png,71,623,127,683,Nodule
n1134.png,256,596,325,665,Nodule
n0583.png,98,543,153,620,Nodule
n0476.png,724,294,758,341,Nodule
n0651.png,161,737,207,806,Nodule
n0705.png,235,305,313,368,Nodule
n0705.png,95,622,151,675,Nodule
n0705.png,781,584,833,627,Nodule
n0172.png,216,312,260,375,Nodule
n0955.png,818,537,857,576,Nodule
n0062.png,184,465,223,510,Nodule
n0877.png,693,281,764,342,Nodule
n0684.png,260,268,350,374,Nodule
n0276.png,811,573,867,638,Nodule
n0786.png,211,328,271,376,Nodule
n0131.png,147,576,222,663,Nodule
n1108.png,273,244,311,285,Nodule
n0405.png,208,412,252,454,Nodule
n0046.png,347,261,401,320,Nodule
n0196.png,824,389,918,462,Nodule
n0196.png,145,472,224,527,Nodule
n0685.png,168,596,209,641,Nodule
n0643.png,115,673,157,733,Nodule
n0287.png,830,591,933,699,Nodule
n0880.png,696,337,745,391,Nodule
n0077.png,213,490,273,552,Nodule
n0509.png,833,731,892,785,Nodule
n0402.png,198,485,278,556,Nodule
n0402.png,809,338,853,384,Nodule
n0347.png,148,522,202,564,Nodule
n0275.png,70,725,103,796,Nodule
n0915.png,191,769,233,826,Nodule
n1073.png,801,326,874,400,Nodule
n0821.png,210,594,245,643,Nodule
n0821.png,150,529,197,618,Nodule
n0821.png,306,724,354,791,Nodule
n0671.png,246,407,282,436,Nodule
n0968.png,260,218,307,259,Nodule
n0541.png,832,601,885,656,Nodule
n0431.png,246,777,324,849,Nodule
n0835.png,58,823,89,862,Nodule
n0949.png,183,535,251,619,Nodule
n0658.png,151,531,183,568,Nodule
n0819.png,128,655,164,691,Nodule
n0483.png,190,350,254,408,Nodule
n0483.png,791,657,861,737,Nodule
n0673.png,231,371,297,437,Nodule
n0304.png,127,394,188,462,Nodule
n0345.png,858,636,893,677,Nodule
n1046.png,238,250,317,317,Nodule
n0922.png,195,305,284,395,Nodule
n0587.png,856,568,902,622,Nodule
n0587.png,187,624,221,658,Nodule
n0895.png,123,451,193,525,Nodule
n0216.png,157,596,194,647,Nodule
n0216.png,184,538,259,593,Nodule
n0441.png,177,405,249,484,Nodule
n0096.png,366,207,434,266,Nodule
n1110.png,116,728,150,772,Nodule
n1099.png,263,133,389,260,Nodule
n0998.png,838,567,897,625,Nodule
n1106.png,255,623,344,727,Nodule
n0735.png,290,535,351,574,Nodule
n0810.png,134,689,181,733,Nodule
n0892.png,152,312,197,356,Nodule
n1044.png,337,604,385,681,Nodule
n0669.png,228,611,278,651,Nodule
n0923.png,704,286,748,336,Nodule
n0923.png,356,440,428,527,Nodule
n0413.png,869,677,901,705,Nodule
n0413.png,907,649,939,696,Nodule
n0584.png,201,358,242,388,Nodule
n0120.png,853,740,889,781,Nodule
n0579.png,276,254,328,322,Nodule
n0323.png,695,395,765,461,Nodule
n0913.png,234,615,286,672,Nodule
n1049.png,319,218,365,273,Nodule
n0333.png,827,555,870,602,Nodule
n0146.png,90,604,174,703,Nodule
n0268.png,619,656,672,713,Nodule
n0891.png,665,662,710,711,Nodule
n0428.png,201,230,260,288,Nodule
n0238.png,888,753,944,795,Nodule
n0791.png,221,386,357,507,Nodule
n0214.png,170,568,259,671,Nodule
n0539.png,830,567,902,643,Nodule
n0249.png,222,237,299,298,Nodule
n0260.png,190,376,231,420,Nodule
n0261.png,834,657,871,707,Nodule
n0977.png,208,674,262,739,Nodule
n0033.png,760,319,810,379,Nodule
n0193.png,209,423,260,485,Nodule
n0511.png,711,428,770,483,Nodule
n0221.png,735,650,780,691,Nodule
n0221.png,737,692,784,738,Nodule
n0221.png,298,590,337,630,Nodule
n0851.png,253,266,295,318,Nodule
n0439.png,796,360,879,450,Nodule
n0911.png,927,744,962,789,Nodule
n1060.png,236,778,319,885,Nodule
n0255.png,193,412,242,473,Nodule
n1122.png,89,683,145,749,Nodule
n1122.png,679,405,717,456,Nodule
n0432.png,197,358,239,405,Nodule
n0225.png,98,731,137,770,Nodule
n1043.png,175,651,234,725,Nodule
n0504.png,79,719,147,804,Nodule
n0421.png,714,720,787,790,Nodule
n1015.png,362,563,425,652,Nodule
n0248.png,821,681,864,719,Nodule
n1059.png,176,372,269,464,Nodule
n1059.png,780,350,859,446,Nodule
n1059.png,711,337,757,399,Nodule
n0490.png,193,718,257,795,Nodule
n0206.png,145,396,212,459,Nodule
n0668.png,736,418,831,503,Nodule
n0420.png,231,470,266,507,Nodule
n0793.png,104,700,176,789,Nodule
n0300.png,286,714,335,765,Nodule
n0542.png,241,648,314,706,Nodule
n0855.png,89,727,144,801,Nodule
n0126.png,157,609,204,652,Nodule
n0037.png,786,346,823,394,Nodule
n0037.png,757,555,848,656,Nodule
n0037.png,92,817,136,870,Nodule
n0330.png,94,410,136,449,Nodule
n0256.png,288,695,383,796,Nodule
n0597.png,799,229,867,302,Nodule
n0503.png,647,282,762,428,Nodule
n0560.png,763,352,812,408,Nodule
n0042.png,845,804,893,871,Nodule
n1133.png,751,641,800,688,Nodule
n0154.png,357,375,401,429,Nodule
n0154.png,237,384,277,418,Nodule
n0994.png,202,574,246,618,Nodule
n0694.png,130,691,198,744,Nodule
n0694.png,222,744,297,815,Nodule
n0610.png,94,524,193,644,Nodule
n0173.png,843,601,867,644,Nodule
n0755.png,719,459,807,535,Nodule
n0057.png,745,333,811,400,Nodule
n0064.png,794,354,837,403,Nodule
n0061.png,713,454,793,531,Nodule
n0061.png,241,216,350,326,Nodule
n0117.png,239,203,270,237,Nodule
n1013.png,914,873,960,927,Nodule
n0939.png,893,699,940,763,Nodule
n0435.png,730,225,781,276,Nodule
n0213.png,354,290,459,373,Nodule
n1006.png,813,551,852,597,Nodule
n0450.png,738,343,790,410,Nodule
n0100.png,737,378,788,419,Nodule
n1045.png,114,668,148,710,Nodule
n1072.png,755,441,794,497,Nodule
n1072.png,796,553,843,597,Nodule
n0372.png,165,631,259,691,Nodule
n0824.png,172,495,222,540,Nodule
n0803.png,218,377,277,434,Nodule
n0374.png,263,730,316,793,Nodule
n0174.png,79,662,122,709,Nodule
n0174.png,112,766,160,812,Nodule
n0174.png,66,949,122,998,Nodule
n0932.png,188,511,265,591,Nodule
n0092.png,848,471,878,512,Nodule
n0745.png,234,394,282,442,Nodule
n0020.png,167,558,229,601,Nodule
n1053.png,204,465,284,534,Nodule
n0326.png,218,469,274,529,Nodule
n0782.png,739,643,804,709,Nodule
n0513.png,660,276,724,346,Nodule
n0280.png,785,582,846,629,Nodule
n0599.png,262,560,288,583,Nodule
n0599.png,276,536,302,563,Nodule
n0599.png,293,555,312,583,Nodule
n0910.png,120,615,168,659,Nodule
n0393.png,194,467,300,552,Nodule
n0601.png,301,425,365,507,Nodule
n0601.png,183,529,222,578,Nodule
n0601.png,626,607,685,667,Nodule
n0160.png,678,727,747,804,Nodule
n0841.png,279,208,367,272,Nodule
n0314.png,866,748,929,813,Nodule
n0659.png,270,802,356,890,Nodule
n0592.png,183,218,218,260,Nodule
n0662.png,692,579,845,727,Nodule
n0038.png,150,326,185,368,Nodule
n0670.png,155,537,217,585,Nodule
n0586.png,152,426,216,526,Nodule
n0170.png,842,581,929,682,Nodule
n0732.png,696,443,734,490,Nodule
n0088.png,334,213,399,272,Nodule
n1113.png,818,566,863,622,Nodule
n0941.png,693,746,755,803,Nodule
n0596.png,189,457,244,512,Nodule
n0364.png,873,671,917,727,Nodule
n0679.png,271,700,318,762,Nodule
n0251.png,716,435,789,501,Nodule
n0487.png,814,717,866,763,Nodule
n0569.png,723,698,785,821,Nodule
n0469.png,581,754,671,849,Nodule
n0127.png,122,627,164,665,Nodule
n0207.png,203,349,272,418,Nodule
n0663.png,792,655,924,785,Nodule
n0407.png,354,683,403,734,Nodule
n0657.png,269,345,336,412,Nodule
n0893.png,911,766,956,813,Nodule
n0729.png,197,211,314,325,Nodule
n0377.png,167,681,207,719,Nodule
n0566.png,137,396,200,484,Nodule
n0904.png,108,740,179,816,Nodule
n0416.png,867,550,906,599,Nodule
n0846.png,105,720,182,793,Nodule
n1127.png,791,574,854,632,Nodule
n0401.png,207,353,251,386,Nodule
n0298.png,155,606,212,659,Nodule
n0703.png,705,498,802,584,Nodule
n0966.png,174,682,221,726,Nodule
n1063.png,279,154,379,234,Nodule
n0575.png,253,683,303,756,Nodule
n0948.png,156,700,199,751,Nodule
n0095.png,855,697,899,743,Nodule
n0167.png,847,482,908,550,Nodule
n0089.png,147,651,187,702,Nodule
n0532.png,631,644,698,713,Nodule
n0625.png,285,421,349,480,Nodule
n0478.png,234,402,281,446,Nodule
n0331.png,886,672,951,775,Nodule
n0925.png,148,373,188,452,Nodule
n0883.png,242,348,282,390,Nodule
n0591.png,747,265,811,330,Nodule
n0591.png,130,708,195,790,Nodule
n0868.png,812,223,847,278,Nodule
n0848.png,731,537,797,598,Nodule
n0400.png,174,603,231,669,Nodule
n1042.png,251,320,299,370,Nodule
n0639.png,266,700,329,764,Nodule
n0598.png,163,383,230,435,Nodule
n0015.png,858,688,950,784,Nodule
n0615.png,132,407,202,468,Nodule
n0183.png,776,502,820,546,Nodule
n0574.png,215,344,287,411,Nodule
n0970.png,686,380,758,438,Nodule
n0507.png,178,371,272,472,Nodule
n0507.png,775,350,858,445,Nodule
n0365.png,211,661,268,719,Nodule
n0510.png,355,215,396,253,Nodule
n1037.png,304,232,339,267,Nodule
n0795.png,771,596,823,639,Nodule
n0692.png,116,556,182,631,Nodule
n0178.png,726,366,787,427,Nodule
n0763.png,663,413,744,475,Nodule
n0594.png,772,428,824,477,Nodule
n0635.png,103,622,193,733,Nodule
n0338.png,365,716,419,755,Nodule
n0397.png,790,388,839,440,Nodule
n0397.png,287,459,378,543,Nodule
n0557.png,650,780,766,877,Nodule
n0534.png,216,388,294,455,Nodule
n0053.png,161,259,221,320,Nodule
n0440.png,347,238,465,376,Nodule
n0537.png,240,168,315,232,Nodule
n0218.png,814,561,863,624,Nodule
n0354.png,90,609,134,677,Nodule
n0567.png,239,387,356,539,Nodule
n0738.png,746,334,784,393,Nodule
n1100.png,672,472,775,586,Nodule
n1066.png,829,543,880,602,Nodule
n0455.png,264,607,323,672,Nodule
n0121.png,244,491,282,532,Nodule
n0593.png,78,752,133,814,Nodule
n0823.png,227,455,301,530,Nodule
n0041.png,59,704,106,750,Nodule
n0137.png,792,620,848,673,Nodule
n0185.png,810,446,858,505,Nodule
n0185.png,156,633,187,674,Nodule
n0318.png,292,358,354,412,Nodule
n0981.png,798,608,853,666,Nodule
n0812.png,218,566,269,624,Nodule
n0212.png,199,624,245,672,Nodule
n0622.png,198,224,336,333,Nodule
n0484.png,217,744,292,813,Nodule
n1097.png,717,256,746,285,Nodule
n0756.png,214,814,287,886,Nodule
n0134.png,781,625,841,685,Nodule
n0425.png,250,492,318,560,Nodule
n0649.png,174,444,224,494,Nodule
n1075.png,225,552,266,593,Nodule
n0296.png,103,686,165,749,Nodule
n0063.png,231,548,265,582,Nodule
n0278.png,244,102,345,202,Nodule
n0125.png,849,379,889,419,Nodule
n0084.png,792,474,835,517,Nodule
n0325.png,241,576,288,623,Nodule
n0965.png,219,343,281,405,Nodule
n0829.png,802,460,839,497,Nodule
n1016.png,193,725,267,799,Nodule
n0162.png,212,324,316,429,Nodule
n0774.png,733,466,800,533,Nodule
n0717.png,225,387,269,430,Nodule
n0019.png,859,575,919,635,Nodule
n0269.png,153,528,197,571,Nodule
n0552.png,190,322,231,362,Nodule
n0561.png,794,299,824,330,Nodule
n1047.png,142,412,194,464,Nodule
n1051.png,146,524,215,594,Nodule
n0408.png,226,282,288,345,Nodule
n0168.png,201,661,281,741,Nodule
n0049.png,663,684,716,737,Nodule
n0136.png,787,556,832,601,Nodule
n0307.png,147,543,189,584,Nodule
n0071.png,270,788,373,891,Nodule
n0245.png,214,575,255,616,Nodule
n1131.png,747,183,789,226,Nodule
n0068.png,229,236,266,273,Nodule
n0929.png,241,748,341,848,Nodule
n0489.png,169,413,228,472,Nodule
n0701.png,172,374,243,445,Nodule
n0778.png,333,101,371,139,Nodule
n0792.png,638,281,747,390,Nodule
n0094.png,790,206,845,260,Nodule
n0785.png,867,583,900,616,Nodule
n0719.png,637,775,735,873,Nodule
n0920.png,327,186,359,218,Nodule
n0646.png,242,345,298,401,Nodule
n0672.png,202,256,251,305,Nodule
n0070.png,249,279,298,328,Nodule
n0524.png,829,248,861,280,Nodule
n1102.png,812,520,865,573,Nodule
n0029.png,243,210,272,239,Nodule
n1092.png,219,287,253,321,Nodule
n0826.png,129,493,197,560,Nodule
n0885.png,156,727,253,824,Nodule
n1022.png,99,619,154,674,Nodule
n0630.png,243,702,278,737,Nodule
n0847.png,259,478,296,515,Nodule
n0470.png,202,362,289,449,Nodule
n0554.png,725,463,779,516,Nodule
n0189.png,286,257,337,307,Nodule
n0751.png,779,513,827,561,Nodule
n0878.png,214,315,285,386,Nodule
n0603.png,236,442,270,476,Nodule
n0773.png,323,128,395,200,Nodule
n0449.png,272,268,347,344,Nodule
n0291.png,237,231,328,322,Nodule
n0938.png,864,288,900,324,Nodule
n0411.png,254,369,302,417,Nodule
n0758.png,839,438,883,481,Nodule
n0822.png,855,662,904,711,Nodule
n0463.png,626,700,723,797,Nodule
n0543.png,182,394,227,439,Nodule
n0768.png,208,540,263,595,Nodule
n0551.png,661,141,747,227,Nodule
n0723.png,109,390,146,427,Nodule
n0236.png,831,273,873,315,Nodule
n1065.png,233,178,281,225,Nodule
n1129.png,226,310,260,344,Nodule
n0227.png,190,137,258,206,Nodule
n0502.png,307,119,347,158,Nodule
n0244.png,708,785,760,837,Nodule
n0614.png,616,516,712,612,Nodule
n1068.png,791,361,841,412,Nodule
n0311.png,820,612,931,723,Nodule
n0709.png,686,184,778,276,Nodule
n1005.png,145,680,208,743,Nodule
n0869.png,130,562,167,598,Nodule
n0780.png,193,253,277,337,Nodule
n0805.png,720,189,782,251,Nodule
n0985.png,151,325,201,375,Nodule
n0177.png,772,478,869,575,Nodule
n0947.png,167,315,205,352,Nodule
n0730.png,237,456,270,488,Nodule
n0588.png,266,144,311,189,Nodule
n0677.png,217,566,253,601,Nodule
n0508.png,858,731,892,765,Nodule
n1033.png,305,158,378,231,Nodule
n0187.png,329,195,387,252,Nodule
n0163.png,216,298,284,365,Nodule
n0101.png,847,429,893,475,Nodule
n0368.png,175,482,213,520,Nodule
n0091.png,153,321,222,390,Nodule
n1115.png,753,150,823,220,Nodule
n0021.png,267,129,318,181,Nodule
n0619.png,120,798,174,852,Nodule
n0024.png,149,619,219,689,Nodule
n0308.png,791,159,857,225,Nodule
n0179.png,791,188,853,250,Nodule
n1103.png,769,745,822,798,Nodule
n0737.png,759,203,806,250,Nodule
n0942.png,365,729,425,789,Nodule
n1109.png,798,373,858,433,Nodule
n0184.png,202,254,295,346,Nodule
n1091.png,211,225,269,282,Nodule
n0945.png,397,672,453,728,Nodule
n0079.png,796,591,879,675,Nodule
n0934.png,323,122,370,169,Nodule
n0882.png,674,727,710,764,Nodule
n0741.png,791,720,822,751,Nodule
n0359.png,614,636,676,698,Nodule
n0590.png,882,655,923,697,Nodule
n0203.png,212,651,266,705,Nodule
n0800.png,349,574,423,648,Nodule
n0293.png,181,516,207,542,Nodule
n0182.png,689,756,760,827,Nodule
n0638.png,780,369,828,417,Nodule
n1104.png,219,595,270,646,Nodule
n0148.png,147,672,187,713,Nodule
n0621.png,300,186,360,246,Nodule
n0085.png,864,754,920,810,Nodule
n0444.png,148,462,184,498,Nodule
n1070.png,191,649,217,676,Nodule
n0349.png,316,467,420,571,Nodule
n0678.png,125,328,160,364,Nodule
n0371.png,830,470,896,537,Nodule
n0612.png,219,307,245,333,Nodule
n0258.png,854,566,882,594,Nodule
n0145.png,351,696,450,795,Nodule
n1034.png,202,413,304,515,Nodule
n0453.png,847,562,891,606,Nodule
n0633.png,758,665,795,703,Nodule
n0628.png,864,504,913,552,Nodule
n0452.png,823,521,860,558,Nodule
n0519.png,236,784,306,854,Nodule
n0313.png,178,344,205,371,Nodule
n0582.png,210,546,287,622,Nodule
n0479.png,342,195,375,228,Nodule
n0558.png,760,435,835,509,Nodule
n0321.png,303,97,348,142,Nodule
n0931.png,826,503,889,566,Nodule
n0867.png,771,226,813,268,Nodule
n0693.png,89,513,131,555,Nodule
n0002.png,804,445,844,492,Nodule
n0642.png,781,697,893,804,Nodule
n1128.png,368,413,429,474,Nodule
n1128.png,115,707,160,747,Nodule
n0235.png,814,717,871,766,Nodule
n0366.png,916,550,986,650,Nodule
n0301.png,680,531,766,634,Nodule
n0301.png,823,740,945,869,Nodule
n0301.png,602,660,751,847,Nodule
n0422.png,244,189,287,223,Nodule
n0252.png,111,625,184,691,Nodule
n1112.png,793,679,838,731,Nodule
n0078.png,674,817,714,859,Nodule
n0960.png,650,854,688,909,Nodule
n0496.png,139,505,251,606,Nodule
n0616.png,783,420,832,456,Nodule
n0733.png,128,451,172,492,Nodule
n1125.png,234,493,278,547,Nodule
n0114.png,226,391,346,534,Nodule
n0559.png,138,532,184,591,Nodule
n0124.png,244,241,279,279,Nodule
n0320.png,207,353,266,410,Nodule
n0664.png,120,320,162,367,Nodule
n0664.png,353,394,413,466,Nodule
n0006.png,335,297,425,381,Nodule
n0006.png,341,247,393,289,Nodule
n0006.png,787,701,849,762,Nodule
n1004.png,166,521,205,561,Nodule
n0728.png,165,740,199,779,Nodule
n0005.png,144,485,201,560,Nodule
n0555.png,316,353,359,397,Nodule
n0265.png,322,225,347,261,Nodule
n0971.png,804,482,845,530,Nodule
n0936.png,824,233,873,291,Nodule
n0335.png,157,692,209,744,Nodule
n0335.png,403,244,442,284,Nodule
n0153.png,207,647,288,743,Nodule
n0153.png,151,374,235,455,Nodule
n0153.png,572,747,669,846,Nodule
n0724.png,641,677,748,784,Nodule
n0181.png,88,783,160,865,Nodule
n1079.png,319,280,364,324,Nodule
n0381.png,606,668,683,756,Nodule
n1050.png,176,740,200,776,Nodule
n0572.png,793,593,850,656,Nodule
n0122.png,220,244,290,326,Nodule
n0433.png,737,399,801,485,Nodule
n0491.png,886,731,914,770,Nodule
n0310.png,846,592,885,638,Nodule
n0310.png,300,407,338,452,Nodule
n0653.png,191,610,259,669,Nodule
n0201.png,797,642,842,690,Nodule
n0644.png,212,553,253,592,Nodule
n0644.png,193,663,253,722,Nodule
n0069.png,188,562,240,615,Nodule
n0974.png,859,391,935,467,Nodule
n0796.png,383,534,465,620,Nodule
n1064.png,814,461,889,543,Nodule
n0426.png,808,480,881,554,Nodule
n0445.png,147,700,246,796,Nodule
n0525.png,147,509,196,563,Nodule
n0375.png,131,517,184,566,Nodule
n0636.png,183,430,282,536,Nodule
n0118.png,190,670,295,788,Nodule
n0118.png,253,515,295,550,Nodule
n0080.png,891,710,922,747,Nodule
n0080.png,405,465,469,535,Nodule
f32ab457c492c30221d3a89fe7c6b25a.png,618,356,728,530,Nodule
f32ab457c492c30221d3a89fe7c6b25a.png,419,372,554,565,Nodule
9598f874069cca35ff56d54925d35ccb.png,730,661,849,752,Nodule
9598f874069cca35ff56d54925d35ccb.png,714,614,778,659,Nodule
2dd5e1ec060f1389e24a4caffa6d534e.png,810,686,830,702,Nodule
2dd5e1ec060f1389e24a4caffa6d534e.png,864,700,881,711,Nodule
e694841193437bcb89ad2c1acbf95f79.png,712,439,776,486,Nodule
edb61d8f85f46f6da703ab9730bf35b1.png,324,400,349,424,Nodule
c8634131ee43469be8f4f75ab4595b10.png,688,583,741,611,Nodule
08ce56202e44175674fc5f5517e74db4.png,765,736,822,777,Nodule
d547ff1995b2b5cd7904cb0052857dd1.png,237,228,278,272,Nodule
6ae2757005410f45933298a2bd5d7f50.png,680,470,760,570,Nodule
6ae2757005410f45933298a2bd5d7f50.png,659,650,900,882,Nodule
bbac60d6c7695f5eeccb56cb56336f6d.png,927,546,948,564,Nodule
bbac60d6c7695f5eeccb56cb56336f6d.png,816,485,880,535,Nodule
163898fbc57f00f58ad27e72031a541f.png,769,577,836,649,Nodule
7e86aee54688699519f47582c4d44bf3.png,864,566,896,603,Nodule
31a2b39d2a73f406dbef13c7cd023eb0.png,606,333,669,490,Nodule
96fb81c205dcedda4f036353e4f18cdb.png,761,507,775,516,Nodule
95b32ce2a10f57629eb63830376237ca.png,361,160,387,199,Nodule
95b32ce2a10f57629eb63830376237ca.png,423,265,453,302,Nodule
51b168d29879c8972aa29d9f31f4b00c.png,301,350,330,370,Nodule
2461ca359068b06237e93aae140a25f3.png,227,169,406,387,Nodule
a6541e2d7a4e09d6c1bdee83632bf781.png,523,299,720,579,Nodule
c413baf55bfb894ee5af02d991b452ce.png,622,283,740,410,Nodule
c413baf55bfb894ee5af02d991b452ce.png,167,216,440,570,Nodule
7c5f3e2c0518bba6ca3464c385d4787c.png,497,247,735,491,Nodule
bc87c2265556912b25d36f2fef105a01.png,270,124,476,386,Nodule
b4b6e377eedea6b7a33ce8958d79fe71.png,193,210,465,614,Nodule
35d86694979dba2c3cade3f87924385a.png,380,326,464,414,Nodule
23cc21ad490ea10045c00fba3a208b3f.png,571,245,641,302,Nodule
f0c719e77a94983d22ad4a1e96e37f34.png,644,357,737,485,Nodule
f6fc6f200924da874ae95664661e67aa.png,324,244,340,260,Nodule
7e534f2dc65f7cef4f864325433017dd.png,673,473,713,514,Nodule
7e534f2dc65f7cef4f864325433017dd.png,669,366,717,399,Nodule
c201c69926e59f0c1dfeeeb8365ff05a.png,162,232,408,472,Nodule
4085e7c5e44d4bc75213131a8a6aee47.png,624,607,803,741,Nodule
997fca43b97287e53c551c3d4753edcb.png,802,612,837,653,Nodule
f8418a411444f8ea00f9b3affe70a758.png,707,458,839,597,Nodule
2534b21e1fcdf7748a07109999952840.png,805,705,834,733,Nodule
f58508942604632676c1df2639e18010.png,682,453,856,647,Nodule
9b12521fa480b7872a66995a796f03e5.png,208,353,362,505,Nodule
7acb16c6d6f5cfc41a958e0b41e25106.png,342,344,436,488,Nodule
17d5b60d0b5decddb51eba55dc4a514b.png,275,300,372,384,Nodule
ef8c3f4f4d6b6d278abdbc8077051629.png,239,491,255,519,Nodule
ed1a545ab109f23cd065a5e5e512df1a.png,199,330,364,468,Nodule
9394d988f22d6f03b220ce1b1af919ca.png,199,302,358,439,Nodule
440d5de43270006800efa1caecede2f1.png,833,476,929,574,Nodule
f97b35befd831df48967fda3cef13c12.png,215,258,365,369,Nodule
db8d818bc4047e5c02af17c31bb78009.png,713,364,811,439,Nodule
529d855ec524ddf484434d90da0e3f4a.png,306,317,323,333,Nodule
a616c36ec79f99dfa8ec9eafaf12ecfa.png,206,287,276,334,Nodule
7bd856b30b7129c81c6803c7f1fe23b3.png,343,537,485,702,Nodule
ccce794d56a43641c1bb3d6b0253e794.png,623,388,727,464,Nodule
395a89a6041167d0254dc826ddfe7110.png,699,551,850,678,Nodule
1b2a7adb5705d9e3f5b63939046d93c7.png,588,431,789,653,Nodule
68f7ee667e33c638abc21bcd543ad9d5.png,607,314,719,414,Nodule
6669f6481deca63ed9c421d5ac012c76.png,267,463,306,499,Nodule
083a89dfc9a74a3f809035f886634ee2.png,799,556,845,589,Nodule
ad65ef4667adaa5e3bc774ad80158540.png,444,420,542,490,Nodule
417de085be6029490ca2690608d65e57.png,409,225,437,235,Nodule
f347a8de5e60079db066c440949b8395.png,230,291,265,311,Nodule
f347a8de5e60079db066c440949b8395.png,699,598,731,636,Nodule
513203e29fe43941076e37a945e58c36.png,218,323,468,609,Nodule
1296335140a042ff0270825cdae2fa09.png,241,296,264,321,Nodule
1296335140a042ff0270825cdae2fa09.png,283,378,324,410,Nodule
1296335140a042ff0270825cdae2fa09.png,280,343,302,368,Nodule
b022e92b9271babbc6a7a734fd7b77cc.png,233,358,245,367,Nodule
b022e92b9271babbc6a7a734fd7b77cc.png,224,333,249,356,Nodule
be78bb12b31ef59665212f778a7ca895.png,636,390,770,496,Nodule
6fa7dad34b96816f31cc091a0507bbdd.png,284,372,295,385,Nodule
6fa7dad34b96816f31cc091a0507bbdd.png,290,283,309,300,Nodule
fc206ae1d3ef8a63e90642dba9f75e4a.png,135,157,390,386,Nodule
bf9bba0703ec2a74740fbb891b9f6322.png,760,651,806,687,Nodule
ddff143851d1399b550480a41b4c6fe2.png,597,432,699,528,Nodule
ddff143851d1399b550480a41b4c6fe2.png,322,326,479,513,Nodule
fdcdbc6befee8ab9553039895835bad8.png,383,445,464,511,Nodule
fdcdbc6befee8ab9553039895835bad8.png,357,526,421,583,Nodule
e719b0f794aebc789651fbd91ade8a05.png,643,339,811,635,Nodule
a3411581087b63a70a2bdba24e55ff4e.png,270,257,287,268,Nodule
a3411581087b63a70a2bdba24e55ff4e.png,270,272,283,291,Nodule
27e113d3d158dbdd548b534c26164e55.png,335,280,352,300,Nodule
78dba36bdd34da385efcca7bb9ff5fde.png,368,321,414,357,Nodule
0453de2faeb8d349af739a68d9dee1cb.png,786,609,837,653,Nodule
69e956035a447c4d4f4d28e13ed92dc4.png,286,86,557,501,Nodule
b0262bc4aa5a47704a3c3d1cbc150bd4.png,790,732,819,766,Nodule
5955a4d3f94e8125db08141bd25a6824.png,352,233,367,244,Nodule
5955a4d3f94e8125db08141bd25a6824.png,357,282,375,295,Nodule
f5647785cac236ffe0ec3287f9f6aa84.png,333,263,455,417,Nodule
e67e91b27935a01b738eaa01ede863fd.png,337,281,469,508,Nodule
51df5eca07ab2ddb3be2eeee9a52c605.png,813,475,833,501,Nodule
1cb2f31d6914dbb6550d2ed5538fc184.png,651,315,926,652,Nodule
05721adb43ab7c061733568b274c006b.png,713,519,749,549,Nodule
a838e79ba2e9716bc790a76f7ae1c94e.png,330,194,428,320,Nodule
f42000d2ffb02c74c696fba7678c51a6.png,561,404,696,520,Nodule
d1e95f585e1094cb8ddf94c1d97a4d1a.png,630,280,890,622,Nodule
6b3c9e72ced5b7a5f40029e034ab6cba.png,367,443,424,495,Nodule
dff6766d2464bfe77de7f6f19edbf51a.png,243,183,352,263,Nodule
44ff83f86f81c54ed2540ccddcc68263.png,299,256,328,288,Nodule
ddec878b93cd18918c2b81bca339a5e9.png,838,643,884,694,Nodule
ddec878b93cd18918c2b81bca339a5e9.png,876,528,919,574,Nodule
ddec878b93cd18918c2b81bca339a5e9.png,760,532,829,589,Nodule
92113f2b921dcc352679d94851f4051f.png,258,144,288,159,Nodule
865a0a1a1781b55fa40887566aa9cd67.png,648,501,876,756,Nodule
3bf8346b7d5b0743713624143004772f.png,332,364,445,474,Nodule
3bf8346b7d5b0743713624143004772f.png,672,470,909,679,Nodule
e9e1a8854e0bec89e37445f9cbf7bb95.png,781,586,852,644,Nodule
ed12402a2b76cda47517d5073b35eb9a.png,332,399,423,494,Nodule
8acab997bea043eb15c9aa293b095374.png,242,361,267,375,Nodule
f09f740821c6160878d713149db4adf6.png,691,568,852,746,Nodule
a5c7b10a238b041fc8d10afd9cc12569.png,230,237,244,253,Nodule
0c5ff01c7bfb4362fcd98f36e555b08c.png,269,334,389,453,Nodule
4c136dc24756a39edd30f610a01029df.png,752,590,772,611,Nodule
0f389422bffe0f96dc3da175550e0c5b.png,810,522,831,538,Nodule
6efabbfe08d43653606d7b16c5ad264d.png,254,279,474,436,Nodule
6cde3166d972c7b9ceff0e6099d4e374.png,756,591,784,618,Nodule
508c4c30d17b6c425cecaaa7121c578a.png,301,474,332,503,Nodule
508c4c30d17b6c425cecaaa7121c578a.png,324,350,351,373,Nodule
c00a2b726b1d7854efc73ef3611c7591.png,217,153,299,235,Nodule
0005e8e3701dfb1dd93d53e2ff537b6e.png,311,189,399,299,Nodule
ba0d29d84db98416a0858ad30c4d41a7.png,231,353,281,395,Nodule
ba0d29d84db98416a0858ad30c4d41a7.png,308,282,379,349,Nodule
665ba9b5664d7055c1d0ac1a44ea1ea9.png,716,478,835,595,Nodule
53d4fbf11ca8be107a343df37ca9eddc.png,818,718,857,755,Nodule
7d3e79d32d233140b7e30880739a42c4.png,228,214,403,340,Nodule
ddf1ec27c68bb40da0bebdff2dd95175.png,224,325,248,345,Nodule
ddf1ec27c68bb40da0bebdff2dd95175.png,842,652,880,685,Nodule
616f7784ae537b00b14617a57b53de73.png,425,148,439,160,Nodule
4db4ecf3e2d32c92cf3f10c7b1643a5b.png,387,259,503,387,Nodule
e0ad8549835ae5a3208c03ce618e79a0.png,282,424,312,447,Nodule
e0ad8549835ae5a3208c03ce618e79a0.png,766,386,880,538,Nodule
4004f114ab2ecb224ac7484957b79ea4.png,261,385,308,429,Nodule
f59ccb89d776a68b79292bef810333ac.png,318,406,345,423,Nodule
f59ccb89d776a68b79292bef810333ac.png,393,338,413,355,Nodule
011ae9520e81f1efe71c9d954ec07d09.png,825,604,845,628,Nodule
9233b2cb05dd9ae0902badc7482c5481.png,332,162,348,176,Nodule
66e2d822ac451ea21fcfa3182c56a651.png,634,350,856,531,Nodule
055ea315ae13148aae178aed27fa980d.png,813,759,839,781,Nodule
45d77bbb17ed1131a96b6fa31327a9de.png,184,331,374,528,Nodule
fba40b4a066903eaccbf80e168617e69.png,320,326,383,405,Nodule
28936b1a86428a44f356135a896b8627.png,363,124,382,134,Nodule
73ca5ade271925fe03782a52a85f75b2.png,820,587,843,611,Nodule
cefc63f9ff49d9da82c49144f05a13cd.png,313,465,349,485,Nodule
7aeae4110d509875a693b23aa17bd9ac.png,272,261,346,320,Nodule
7aeae4110d509875a693b23aa17bd9ac.png,113,239,131,256,Nodule
34557d39d42d74a3355d509f340cfc8a.png,403,571,475,661,Nodule
25b123c53b8d9f39e9e29e4ee34c9906.png,319,189,374,240,Nodule
ab51ed37f90ea78c93f1e92aa8a9d749.png,352,131,366,141,Nodule
40e919b188ff9c41cf2e3f9c37a4b808.png,732,521,773,568,Nodule
924c710624ba217ea2a275babf7903a6.png,712,532,847,639,Nodule
fee7f5490aee6eb6626adb30d2509868.png,721,614,747,635,Nodule
4117133a86ed741c387d404a8ffe5581.png,224,251,381,374,Nodule
5d2a481a562112395f28010b079a9cf1.png,728,373,744,386,Nodule
5d2a481a562112395f28010b079a9cf1.png,340,287,423,362,Nodule
b7d87f19a1daba2fa97a0eae0a033a9c.png,431,235,519,367,Nodule
1b5f927abb8fd8e0800d2ad31a5620c1.png,223,383,278,421,Nodule
4142e0645234ffd87a9fa0b8aaa6bbb5.png,340,382,471,527,Nodule
1e584da1fcf0c0297a22f0e36ce86732.png,298,291,345,322,Nodule
da922b5ee573e770260d4f6c849a17a5.png,591,305,646,338,Nodule
0b98b21145a9425bf3eeea4b0de425e7.png,335,472,514,668,Nodule
e0c85d5a6ff74851b3b1ebdfceca5f48.png,605,281,803,432,Nodule
e0c85d5a6ff74851b3b1ebdfceca5f48.png,709,713,792,773,Nodule
e0c85d5a6ff74851b3b1ebdfceca5f48.png,726,510,799,557,Nodule
112cf0367dd8b6aa14b4e384439d9eb7.png,872,547,885,557,Nodule
112cf0367dd8b6aa14b4e384439d9eb7.png,893,669,905,678,Nodule
112cf0367dd8b6aa14b4e384439d9eb7.png,914,694,937,707,Nodule
f3741f47791eca3ad54e01f9c36188a1.png,232,312,266,337,Nodule
f3741f47791eca3ad54e01f9c36188a1.png,270,318,303,343,Nodule
7cc9b48563e197c84ec4ee8d30d5b3ce.png,641,502,886,718,Nodule
7cc9b48563e197c84ec4ee8d30d5b3ce.png,319,382,406,485,Nodule
37111bde86ae8d81aa66f2f46f89c03b.png,233,280,257,310,Nodule
20d9e4989fab7ecae4243324d81ad309.png,324,231,372,276,Nodule
b3d1eabc4bb5b66d92f3fae7ddb67b29.png,291,218,379,353,Nodule
2e7b51cf120ec59d369331d09bba34b8.png,384,317,460,442,Nodule
2ceaa4c6e93b4496df1831cccc3e433a.png,784,648,824,688,Nodule
0eac4cf8618d5e582c336217d0291f25.png,304,242,431,439,Nodule
d60002856387ce505f27d4a6dd8d2bec.png,822,497,845,522,Nodule
17791317b59d89c03ce7a15826e1b876.png,384,399,438,459,Nodule
412c4d81ec9510492343169ea6fc6a68.png,241,260,348,345,Nodule
5c796eb672128aa15473051998334a09.png,777,514,811,546,Nodule
e8e6ff19c3be05a4ccfb20abc4202d52.png,216,225,229,241,Nodule
31901b2d1d2eb92c235f47f498b907c0.png,833,499,929,565,Nodule
66a42146929520fe337cad37816f4384.png,230,377,322,654,Nodule
7d746268923b15615c93334eff3a6baf.png,241,24,559,360,Nodule
c42997b00e59f4523788aa9fbe1f7526.png,555,278,724,496,Nodule
67cfebc952a1751733ad336895f0d73c.png,319,366,375,394,Nodule
bdaace04fa79a60e8542a3b573288076.png,718,382,739,402,Nodule
bdaace04fa79a60e8542a3b573288076.png,728,434,747,446,Nodule
1f60588926146538eeb34cd3215b4848.png,272,509,316,553,Nodule
d617b24dad98aa3b1f2d645828095355.png,268,283,422,553,Nodule
8991d0302a45f1bb372795cea3f18a75.png,816,769,879,818,Nodule
0ac383fcdc6f1957b3ecceaf0acec909.png,820,679,839,698,Nodule
a946684583c7bf346b18e1d69d17e9cf.png,592,314,743,495,Nodule
8d74ba04415b33be3134b55c868016f8.png,439,204,593,360,Nodule
c4d68aad9fdec87b76853d26744026bb.png,436,233,548,382,Nodule
6974b05fb97620ec153a9eb3200db4eb.png,860,638,877,659,Nodule
151a8ce59aa6e414ee8a9c9d711cee61.png,914,556,984,646,Nodule
151a8ce59aa6e414ee8a9c9d711cee61.png,289,334,336,376,Nodule
83bf2acb96d1e39c553401a9c994eff1.png,324,423,412,527,Nodule
d7210d8d2f377ab74e46acfb4a158e79.png,370,348,434,407,Nodule
d7210d8d2f377ab74e46acfb4a158e79.png,406,158,495,256,Nodule
e25910b3bb83c9fbe7601dfaa4032e55.png,289,390,470,572,Nodule
4cccd244506af875fc9d2a32ad2b4b96.png,136,323,336,463,Nodule
010018c93ed33ae56ed048ee54867e46.png,337,353,353,367,Nodule
010018c93ed33ae56ed048ee54867e46.png,296,302,316,322,Nodule
401aee86de220c3e1fd9baae09f6f7e4.png,420,210,507,303,Nodule
9378e938afe891b372d0d7a1924c7aa5.png,599,544,771,695,Nodule
48f3a35fcd6c76d5d0ee2d475b3f1f51.png,385,280,515,421,Nodule
985aa6789515f5ad438d2384ed52cda9.png,357,175,395,209,Nodule
88bf02cc510da5050a869c290d8f8565.png,420,283,484,356,Nodule
31bdfdc7f6e09f2df77cefac8e857518.png,624,434,744,495,Nodule
31bdfdc7f6e09f2df77cefac8e857518.png,740,667,784,698,Nodule
0608fb82e9965a0a6f3607f93e304d2a.png,253,358,276,374,Nodule
0608fb82e9965a0a6f3607f93e304d2a.png,280,472,356,533,Nodule
0608fb82e9965a0a6f3607f93e304d2a.png,778,575,900,816,Nodule
74a6dc1a51dffd964baef5089fc4d1b6.png,327,435,448,626,Nodule
e9269d70abec8d90f4790c6afaa4a924.png,235,260,271,298,Nodule
3bf462b3f48c0a1c35912a77a84f318d.png,241,331,261,352,Nodule
2b6ec0aa221b1f430e8f5cb1696844dd.png,712,568,749,601,Nodule
fa6cfad334f4061af968f0896319bdf4.png,231,179,259,228,Nodule
a629d0f2bd9dfde3991ef4aec75e1c8e.png,801,741,872,794,Nodule
68eb45dbf790f2f829d8c6a8690b0d25.png,270,274,320,329,Nodule
9fd7f8bc66d606ffee290028c4d5d1f3.png,245,236,314,286,Nodule
81e1bdd75db3ed8260cd2a8a206107a4.png,323,214,508,394,Nodule
fb8e11c6b2886b2d41b379e0598669b9.png,293,320,361,361,Nodule
813a6d586e217397402e45009ec068e3.png,791,693,805,704,Nodule
813a6d586e217397402e45009ec068e3.png,749,636,775,666,Nodule
47a50643e0ffee2204984ca1ac6bccf0.png,737,370,922,634,Nodule
01a3c3d994d85ce5634d2d13c03fd4b0.png,271,334,396,431,Nodule
7c6bf9b40c9b53c6b49b00c0fa1e61e5.png,303,331,369,378,Nodule
ecd1275cbffcd530452e2b20dd070b4e.png,343,369,404,411,Nodule
ecd1275cbffcd530452e2b20dd070b4e.png,404,380,456,417,Nodule
ecd1275cbffcd530452e2b20dd070b4e.png,261,405,308,428,Nodule
45398cfbf0d0f364c24b5d4458df4c8e.png,862,609,909,648,Nodule
628ba9788c00a8fa5fd77992fa9f63ed.png,376,326,403,357,Nodule
6833c509c10b569d6167db70b83ee5d5.png,662,610,856,755,Nodule
1981a0c4cdbb5d4eeb9c2572813a453f.png,323,211,361,254,Nodule
b1e63a68c95bda1c50667decd3989ca0.png,770,552,804,581,Nodule
b1e63a68c95bda1c50667decd3989ca0.png,639,504,669,529,Nodule
ecadf9a1eca2152b13f18d3a0b8bfba4.png,312,259,344,283,Nodule
c71ce6345cf70b23ab481a2d66e9c288.png,158,214,242,277,Nodule
8e506a2c5a4a64624770f56bd56fe684.png,254,162,449,310,Nodule
902d77e0d68673b7f8d12a3ab1483b95.png,214,263,270,329,Nodule
1bc4c3008d6a7144722daa35a7ff2b00.png,350,204,363,226,Nodule
59b1dc77610f1c18cf6524b476128321.png,296,303,443,464,Nodule
dadf619a987c90a4f2c250ae26ed2041.png,305,460,385,540,Nodule
dadf619a987c90a4f2c250ae26ed2041.png,266,349,276,360,Nodule
9089facaf103cdb37adce579bd64f064.png,149,282,232,337,Nodule
9089facaf103cdb37adce579bd64f064.png,273,223,379,299,Nodule
6fe8a6cb3929ebdfa1cc078b0318e363.png,253,284,259,294,Nodule
6fe8a6cb3929ebdfa1cc078b0318e363.png,197,396,216,407,Nodule
90823fdce55e57a5c6de680ccf9ffc38.png,361,432,411,476,Nodule
4308b795084095f21117491e3b07f2a7.png,676,510,696,525,Nodule
71dadd60877ab8a22b3d5075c40415c0.png,158,355,450,599,Nodule
58f1092e67574175f2f17b06b1f66911.png,257,300,280,323,Nodule
98617a2bbd11c4afa7be664889cdd6de.png,263,207,296,234,Nodule
98617a2bbd11c4afa7be664889cdd6de.png,876,593,904,622,Nodule
ed6f20cff422347c954f41eac82fac8b.png,507,273,635,412,Nodule
1dca2f734825798b81f034da81d257f4.png,161,223,403,772,Nodule
1dca2f734825798b81f034da81d257f4.png,647,205,912,763,Nodule
cf95785b8e8bf924e9cf0b51faef41aa.png,227,304,248,339,Nodule
91b45e8d4bd5c08b849e3a1baea0270a.png,358,229,376,251,Nodule
adec73c9152d88ac38c830602cd8b1ad.png,251,442,479,633,Nodule
b761841b1bffc40e56e97a869f994f69.png,402,233,619,387,Nodule
d4b3527d37d04d52eef04650b7c45c1d.png,321,304,423,410,Nodule
4a5732c7b9983cc84c987f27de556a9a.png,281,311,340,331,Nodule
6544852e523b70450c51b767f71eb275.png,337,261,381,294,Nodule
371d6f540ac601affe81e547b05c551a.png,221,279,399,489,Nodule
c41d4f698ccccbf7068c44c8c14f4e16.png,812,622,859,658,Nodule
0c7a38f293d5f5e4846aa4ca6db4daf1.png,205,317,300,386,Nodule
d312cdd620b130479bfea6128e47b2c4.png,668,564,852,663,Nodule
3156b5feb62ed8cfdafef21f1f82a6c1.png,261,335,430,450,Nodule
30d24189cf005a9baf02929afd518832.png,288,279,309,292,Nodule
56e12dd250d23cb2199f1f90eb5a337f.png,248,284,279,315,Nodule
56e12dd250d23cb2199f1f90eb5a337f.png,277,224,297,248,Nodule
0e6da52d629393b3bcf24d8e99c1ea3f.png,856,516,868,528,Nodule
33bcd2002f1d92524e489a70b48aaf38.png,926,727,950,738,Nodule
b5632581be1d7da89d9d01a9983c4afa.png,315,353,330,365,Nodule
b5632581be1d7da89d9d01a9983c4afa.png,274,301,298,322,Nodule
ea00fab3726550241cd51c2750892d36.png,248,344,271,365,Nodule
26be9cde1a3d1a38f19c6753cc9ed40d.png,840,600,864,615,Nodule
510de55463812cc7e80f16d523892408.png,419,302,484,427,Nodule
15a12089e9c773cb200ee8959740e1b3.png,791,466,834,523,Nodule
15a12089e9c773cb200ee8959740e1b3.png,753,487,793,530,Nodule
e7ee695015acda8604f34f0da3849efb.png,702,509,817,613,Nodule
3aefb8dc3f0615131c0dc1477b4e3133.png,183,261,246,319,Nodule
6a956ce4e56235dd8de081a965a36c2a.png,200,419,220,435,Nodule
6a956ce4e56235dd8de081a965a36c2a.png,263,438,284,452,Nodule
b0f891aceeaa1e6fe1de0fd072389686.png,364,551,387,574,Nodule
18a61a07e6f5f13ebfee57fa36cd8b6f.png,175,173,234,210,Nodule
e62c2f1897582761b9a5dbc7dbb1a930.png,731,484,767,510,Nodule
17dc4a83558d835efd5f7d6f110f07f3.png,671,590,739,647,Nodule
1c1ef26e3b3323f74041f6dd2371cd24.png,652,328,705,380,Nodule
231eceaec9e603e7cdb2021bd2ccbe02.png,181,361,194,373,Nodule
231eceaec9e603e7cdb2021bd2ccbe02.png,316,196,336,214,Nodule
999612f847684578b1fdcf2d9d4d4994.png,275,191,313,218,Nodule
7b759182d86f6a44b377ffcfce8a3b53.png,247,297,262,310,Nodule
bffb5303ac64552996db400e0f7058b0.png,279,218,376,308,Nodule
1951e0eba7c68aa1fbd6d723f19ee7c4.png,650,385,835,548,Nodule
50625148e666a338a8588bd1b1e0b7f3.png,764,648,843,691,Nodule
43cbc92d48a9318036e947277c3981fd.png,592,310,786,437,Nodule
b73e16e580992f545e375c2d3d6f7387.png,745,573,862,712,Nodule
73a09e14492d3c6c579a48507303431b.png,347,377,451,537,Nodule
a4ce4aaed43f660e1055d6f30e4da63f.png,182,313,225,347,Nodule
23e3c7a5073d74c1d2daed5ad73fb254.png,260,395,274,407,Nodule
23e3c7a5073d74c1d2daed5ad73fb254.png,354,166,371,180,Nodule
9074b5859c254e4cc0d1ae9781cfcdf1.png,247,346,281,380,Nodule
c2fafca7a6e8316c8bc0a3dc400b8aba.png,175,276,287,445,Nodule
f51434ef988e30a05f8b0986814d9485.png,729,546,774,603,Nodule
98ffafc82ac9d3aec1d4d3957d0d9322.png,320,306,358,342,Nodule
4d314293037f079e4916231d262212d3.png,275,267,292,281,Nodule
e0c8a1f0f9ecb4748b67876c19af37ed.png,366,305,479,464,Nodule
dc3d3675ea30a5f3885dcc1b258a6a2e.png,364,218,700,441,Nodule
9188790e0ad5b3a06595039d9314baad.png,295,323,436,511,Nodule
5de91fab780d937e6cba46c4e807bb12.png,743,695,784,724,Nodule
5de91fab780d937e6cba46c4e807bb12.png,790,667,808,701,Nodule
5de91fab780d937e6cba46c4e807bb12.png,600,414,633,436,Nodule
719182f814fc1a742e0fbc1a751f6af7.png,241,124,265,147,Nodule
0ecc5a44cb8163dedbdf8d9049e92344.png,271,286,328,349,Nodule
0ecc5a44cb8163dedbdf8d9049e92344.png,368,175,388,195,Nodule
0ecc5a44cb8163dedbdf8d9049e92344.png,288,372,308,392,Nodule
a4fc9faa46af26c5fc462772d88d0af3.png,267,185,397,339,Nodule
a8dd1496dde8d6f63316c8ec2a823b38.png,339,348,450,540,Nodule
0f4fd2b86df83111f83444ee90edbea1.png,535,326,709,521,Nodule
13df80547c48fd7d14d22e9322f4a17d.png,273,291,300,306,Nodule
b065d3b4da92b8015b47224341661fd8.png,228,276,409,611,Nodule
36a0490889068162384a000b02d37ad4.png,340,355,467,527,Nodule
e2321f70d075c658946e167356ef516c.png,814,643,840,666,Nodule
e3d5edcf6b873d7738cd50ccaf6182ef.png,248,299,284,323,Nodule
9df340dc63bb0f9c185f2d019cd533a8.png,294,300,411,547,Nodule
c341b3f8a0353bab2ec49147b97ce9d0.png,826,730,849,759,Nodule
306ed332a8e21425894424f73c17b11f.png,296,242,319,261,Nodule
306ed332a8e21425894424f73c17b11f.png,256,204,312,232,Nodule
c32ec722d0608e89e8d6eaeab36191b1.png,585,343,659,415,Nodule
b4faf90679534ac80ab9113365203dc0.png,672,555,710,594,Nodule
ac3e0af6a22d73ed96f05d43037a1e7a.png,628,597,724,684,Nodule
ceb5e06ea1a66fedab43e8bdb51890eb.png,346,442,379,478,Nodule
a68ee14d5193f59a98c5ff0e150c8174.png,593,436,813,651,Nodule
f491935369d316678118cd07d5646de6.png,555,413,651,494,Nodule
d7d4e27e5a9b3752fddcf5c6080026d5.png,779,657,791,669,Nodule
55e39b1282cde6796b82c6b5019a1fb8.png,574,292,660,392,Nodule
c42b5e8105ed48a96bf7273e25f2a047.png,253,441,400,582,Nodule
5f39b234c96c89da0f9db28c873b75b1.png,368,258,383,270,Nodule
47413ec6c79b4795ea7849cea26ece84.png,172,196,389,425,Nodule
fa9cd1a78a6d2d8d6e918a8c4125faf4.png,241,171,447,458,Nodule
9e90a23fb8d5ce13eb766d538afcafea.png,343,368,372,388,Nodule
995533127aa50c3b1a64829055850319.png,862,617,890,638,Nodule
09b9674023305cb9a0acb367600efffa.png,319,337,450,458,Nodule
4113bf958daeb1b468c147801007dfc3.png,575,416,642,499,Nodule
231a4b73de5ac7e0218f736b6b6ff1f2.png,303,306,343,365,Nodule
54e6184c63c75a9695d7effc17969ad0.png,812,680,850,717,Nodule
407530901f066b6b5b5d486495617fc8.png,696,469,759,529,Nodule
bd2783f6ab7795e45ccdbd4bb96250f3.png,152,222,404,482,Nodule
f1e4056384e1926c3ae33882e0dc00cb.png,251,327,333,402,Nodule
66c03db83615b5c925b5bbdcd4a3c326.png,660,476,826,610,Nodule
67c83db34f74fb6203fc52f789ec3a31.png,533,416,615,509,Nodule
8cd75497ddd543845e5a151e9a3b7561.png,269,354,282,366,Nodule
4e39db9ee3a3fa04e219e4649581708a.png,372,430,394,446,Nodule
9300415e9ac5678a968ea7b751c8c8ea.png,788,456,807,472,Nodule
d7c148eb16f56462447f7f9c78ce390d.png,296,315,435,408,Nodule
6acc13406eda521dedfca734ddbe3e25.png,786,637,871,748,Nodule
b192b0ddffed39cf6894a6beab870f9e.png,675,312,915,565,Nodule
9e9cc9d084546cb6d7f7ddba63411a81.png,197,105,871,433,Nodule
3312ab0661750f9899b4589eae97731a.png,314,336,490,515,Nodule
a153495b8f21f9c8a56d3489c513d721.png,231,369,259,399,Nodule
33911feed1282c67d5096d50d9070592.png,368,140,477,210,Nodule
6ce61a39f1e1bff629566de047ab8775.png,633,291,824,563,Nodule
703637c0369923222e87e31bb7477b4f.png,536,421,670,566,Nodule
a79d59f6ca2b10cf2d51ed7ecbbb8bef.png,313,364,364,401,Nodule
1d36704fc4f9a8f997128b92551bbc4d.png,365,283,384,299,Nodule
b87b691b9ceeaf0c9539b2844be6e1e1.png,318,348,335,366,Nodule
b87b691b9ceeaf0c9539b2844be6e1e1.png,380,137,400,156,Nodule
a61be8051f02ec494ed40696e988f6d1.png,673,687,724,729,Nodule
05dfd35f424da60897dfafc2340e0891.png,360,198,466,308,Nodule
6f8e0af5fff2c4c45f6eb841a4221235.png,558,395,658,467,Nodule
7691599752bbacd065fc71d3b54e67d0.png,369,599,389,620,Nodule
39c0cec7df2082421f852bc79cb333a1.png,569,247,589,268,Nodule
3024b7dc8e38999c16ab20ed51c7aa2e.png,153,331,177,350,Nodule
b8202fc93f201492ab7880cb6b4c9165.png,199,269,393,501,Nodule
969d1591fb0b4bf7041938b6fbcfbdc8.png,504,258,687,417,Nodule
b0bef1b57611726c4b0c636264fe5061.png,185,267,286,347,Nodule
077c76dffde69c0b90c28d78ef2ac31e.png,799,671,836,701,Nodule
061fa33f6ba0028fbbad8caaeac8d145.png,294,442,386,521,Nodule
fe9ae553a2fa76cba207ebd4b9b0cddb.png,306,268,356,318,Nodule
36d12290ed702e358cabe1d85657dafb.png,774,563,797,597,Nodule
6314692e3a4f5fc017e052dbd1cd683e.png,280,178,308,191,Nodule
27e6678a92ac10ed461ddc9f04bd3fcf.png,534,358,745,540,Nodule
8c09865ee3cb674cc41dee8bca45fe5a.png,233,125,427,238,Nodule
2cf24e4b4380252c4dc94a0e63bed062.png,599,382,711,510,Nodule
84b3b3b5c73b0798b732b4f34f84ca05.png,220,191,267,209,Nodule
b27c879787934c51d42095098dd313b2.png,391,183,414,197,Nodule
e60ce67640c934d4fb3bcac5b334983d.png,780,604,897,709,Nodule
ff335f1c7745c6184a5732cc5a01092d.png,285,183,308,201,Nodule
97f48290716a3cad241bf74f3ce47143.png,256,248,296,286,Nodule
23ca1279bcbf10d8dc39e769e145a516.png,412,368,442,405,Nodule
b5585b9fe48edd5d89069a8d6ca07543.png,447,562,464,576,Nodule
7652b96082c47799544acbd7858b4280.png,831,518,855,537,Nodule
47188d0c91088558e62b52f1c9f06b0d.png,311,491,328,505,Nodule
e1eb9553f694d0eba82535625d70186c.png,700,518,844,617,Nodule
0061cf6d35e253b6e7f03940592cc35e.png,273,230,317,252,Nodule
78ac03ab2cd9f2e9c7b081761f44f665.png,756,626,798,659,Nodule
713f94c56bcf0a3622522744fb0d24d7.png,346,124,354,131,Nodule
ee3b2a3399a40af7703ce312d43df635.png,876,647,891,661,Nodule
ee3b2a3399a40af7703ce312d43df635.png,888,678,903,689,Nodule
84fe5801e7bcf024bb26b7c9285e43bc.png,590,334,683,438,Nodule
151893dad65d5077f5a377fc9d0e6881.png,388,301,467,408,Nodule
d6b38dc0d4cb99ead6ff30cc999f17ca.png,258,290,282,307,Nodule
258b0025af766aa2a485e3221da4b46e.png,660,320,684,342,Nodule
5673fae597c1b5218f79eead1f413da6.png,678,560,752,635,Nodule
d45374a1b323c34b8418b36b819783e3.png,696,583,839,714,Nodule
3d592a653c8fefc7c85a43cf64c3c0f0.png,733,555,769,579,Nodule
47d1e25eede8a23cc44fda5c031127d6.png,217,384,242,411,Nodule
11dbd33fc77075c94a202362ed8e197e.png,658,446,743,538,Nodule
66728ec6afc52c3ebc77242449757162.png,734,450,761,471,Nodule
f5f8866773cc80861a7f5c30502d0fbb.png,717,401,875,546,Nodule
be53fe5a49231f1c1be020b0bdd8561f.png,209,393,268,432,Nodule
8a454755517a41861d07dd898e6572a5.png,755,423,780,444,Nodule
2c475d89c90a50567ba0cf5ddd62f68a.png,287,488,312,512,Nodule
c5aa9d492605510ce5fc2403df57cd6a.png,145,338,197,387,Nodule
e895c0a84cf6c38ffee0cfd5be9849fd.png,338,235,369,272,Nodule
0162dad8330007f8f0daf43bcf4033f1.png,313,181,324,187,Nodule
